cod_mun,dep,mun,area_total,n_cultivos,pct_perm,pct_cereales,pct_frutales,pct_tropicales,pct_raices,pct_hortalizas,cluster_km,cluster_pam,perfil_km
05001,Antioquia,Medellín,1119.93,33,0.6405132463636121,0.0,0.2685703570758886,0.37194288928772334,0.06652201476878018,0.2691239631048369,4,3,Grupo 4
05002,Antioquia,Abejorral,12774.289999999999,13,0.9639901708822957,0.011742335581860127,0.47145477361168414,0.4925353972706116,0.013307980326108144,0.0,1,1,Grupo 1
05004,Antioquia,Abriaquí,649.5,22,0.7088529638183219,0.10007698229407236,0.329022324865281,0.3798306389530408,0.02124711316397229,0.02663587374903772,1,3,Grupo 1
05021,Antioquia,Alejandría,738.4,8,0.899783315276273,0.008802816901408451,0.1398970747562297,0.7598862405200434,0.010157096424702059,0.029117009750812568,4,3,Grupo 4
05030,Antioquia,Amagá,866.54,14,0.8811364737923235,0.05193066678976158,0.2470745724375101,0.6340619013548134,0.03115840007385695,0.020772266715904632,4,3,Grupo 4
05031,Antioquia,Amalfi,4767.3,9,0.8940700186688482,0.0335619742831372,0.1285843139722694,0.7654857046965788,0.02097623392696075,0.0,4,3,Grupo 4
05034,Antioquia,Andes,13408.33,15,0.9771559918349265,0.012678685563377394,0.16564329786035994,0.8115126939745666,0.003691734914042241,0.0027445625219546356,4,3,Grupo 4
05036,Antioquia,Angelópolis,592.77,9,0.9240852269851713,0.011808964691195573,0.48602324679049214,0.4380619801946792,0.05060984867655246,0.0,1,1,Grupo 1
05038,Antioquia,Angostura,2909.02,8,0.9393266460869983,0.023031811400402884,0.10347127211225773,0.8358553739747406,0.0006875167582209817,0.0005156375686657362,4,3,Grupo 4
05040,Antioquia,Anorí,1772.58,8,0.7884439630369292,0.06205643750916743,0.06121021336131515,0.727233749675614,0.1071883920612892,0.0,4,3,Grupo 4
05042,Antioquia,Santa Fé de Antioquia,2122.48,14,0.9825675624740869,0.006596057442237383,0.041225359013983644,0.9413422034601032,0.001413440880479439,0.001413440880479439,4,3,Grupo 4
05044,Antioquia,Anzá,3249.26,14,0.987689504687221,0.006309128847799191,0.3714999723013855,0.6161895323858355,0.004616435742292091,0.0,4,3,Grupo 4
05045,Antioquia,Apartadó,18783.5,11,0.7834801820746932,0.19192376287699311,0.6482551175233583,0.13522506455133496,0.024596055048313678,0.0,1,1,Grupo 1
05051,Antioquia,Arboletes,6809.0,8,0.5292994566015568,0.38184755470700543,0.5068291966514906,0.022470259950066088,0.0888529886914378,0.0,1,4,Grupo 1
05055,Antioquia,Argelia,1478.99,9,0.8559827990723399,0.05814779004590971,0.08308372605629517,0.7728990730160448,0.028397757929397766,0.0,4,3,Grupo 4
05059,Antioquia,Armenia,627.91,9,0.9721297638196557,0.013536971859024383,0.14014747336401714,0.8319822904556385,0.0,0.004777754773773311,4,3,Grupo 4
05079,Antioquia,Barbosa,2242.69,13,0.6883207219901101,0.02407822748574257,0.11905345812394937,0.5692672638661608,0.012485006844459108,0.08070665138739638,4,3,Grupo 4
05086,Antioquia,Belmira,982.9,8,0.04568114762437684,0.02034794994404314,0.04568114762437684,0.0,0.8342659477057687,0.008139179977617256,3,2,Grupo 3
05088,Antioquia,Bello,250.48000000000002,9,0.5439955285851166,0.0,0.12875279463430214,0.4152427339508144,0.381267965506228,0.04750878313637815,3,2,Grupo 3
05091,Antioquia,Betania,6886.5199999999995,12,0.983445920435866,0.009148307127547732,0.06239581094660293,0.9210501094892631,0.0,0.0030494357091825773,4,3,Grupo 4
05093,Antioquia,Betulia,8029.15,14,0.9930254136490164,0.003736385545169788,0.18980838569462521,0.8032170279543912,0.0007472771090339575,0.0,4,3,Grupo 4
05101,Antioquia,Ciudad Bolívar,9447.480000000001,7,0.9972437094336266,0.0,0.07748097905473204,0.9197627303788946,0.0027562905663732545,0.0,4,3,Grupo 4
05107,Antioquia,Briceño,1244.46,13,0.8758497661636372,0.06227600726419491,0.07593655079311508,0.7999132153705222,0.01607122768108256,0.007232052456487151,4,3,Grupo 4
05113,Antioquia,Buriticá,1543.68,9,0.6196750621890547,0.08635209369817579,0.04191283167495853,0.5777622305140961,0.0,0.0024616500829187393,4,3,Grupo 4
05120,Antioquia,Cáceres,4265.0,6,0.20984759671746775,0.5627198124267292,0.10785463071512309,0.10199296600234467,0.22743259085580306,0.0,2,4,Grupo 2
05125,Antioquia,Caicedo,2692.2999999999997,18,0.9195854845299558,0.05311443746982135,0.1630353229580656,0.7562530178657654,0.0039000111428889803,0.00111428889796828,4,3,Grupo 4
05129,Antioquia,Caldas,234.29,9,0.7737846258909898,0.04268214605830381,0.2586538051133211,0.5151308207776687,0.0,0.1365828673865722,4,3,Grupo 4
05134,Antioquia,Campamento,4173.7699999999995,6,0.9977478394832491,0.0009583661773408694,0.0,0.9977478394832491,0.0,9.583661773408694e-05,4,3,Grupo 4
05138,Antioquia,Cañasgordas,2607.54,9,0.935187954930701,0.04717089670724131,0.2924212092623699,0.642766745668331,0.0,0.0,4,3,Grupo 4
05142,Antioquia,Caracolí,681.0,12,0.9427312775330396,0.0381791483113069,0.10866372980910426,0.8340675477239354,0.007342143906020558,0.002936857562408223,4,3,Grupo 4
05145,Antioquia,Caramanta,1912.45,13,0.9594760647337185,0.023791471672462025,0.4180501451018327,0.5403801406572721,0.0020915579492274306,0.004183115898454861,1,3,Grupo 1
05147,Antioquia,Carepa,12648.04,11,0.9656073193949418,0.03059762619346555,0.900419353512481,0.0533679526630213,0.003162545342993855,0.0,1,1,Grupo 1
05148,Antioquia,El Carmen de Viboral,2873.85,24,0.22229761469805315,0.06785322824782088,0.12439758512100493,0.09790002957704823,0.3229117734050142,0.2554065104302591,3,2,Grupo 3
05150,Antioquia,Carolina,102.16,7,0.7415818324197336,0.0,0.6607282693813626,0.08085356303837118,0.0,0.04306969459671105,1,1,Grupo 1
05154,Antioquia,Caucasia,3407.5,9,0.11107850330154072,0.826118855465884,0.09684519442406456,0.014233308877476156,0.048129126925898755,0.014673514306676448,2,4,Grupo 2
05172,Antioquia,Chigorodó,13205.3,14,0.8959508682120058,0.08814642605620471,0.48359370858670386,0.056590914254125234,0.01590270573178951,0.0,1,1,Grupo 1
05190,Antioquia,Cisneros,1245.3400000000001,9,0.9140796890808935,0.036937703759615845,0.0626334976793486,0.8514461914015448,0.02649878747972441,0.0,4,3,Grupo 4
05197,Antioquia,Cocorná,2031.99,15,0.9121550795033441,0.02632886972868961,0.36845653767981146,0.5436985418235326,0.023130035088755357,0.01205714595052141,4,3,Grupo 4
05206,Antioquia,Concepción,644.0699999999999,10,0.5528436350086171,0.0,0.2530780815749841,0.29976555343363304,0.11023646498051455,0.007763131336655954,1,3,Grupo 1
05209,Antioquia,Concordia,7676.68,14,0.9691272789799757,0.018237050391575523,0.14737490686077834,0.8217523721191973,0.00026052929130822175,0.007164555510976099,4,3,Grupo 4
05212,Antioquia,Copacabana,198.49,6,0.476044133205703,0.0,0.10982921053957378,0.36621492266612926,0.0,0.523955866794297,3,3,Grupo 3
05234,Antioquia,Dabeiba,4740.98,23,0.5723458019228093,0.19552919438597086,0.11887837535699372,0.45346742656581557,0.07698830199663362,0.08004674139102043,4,3,Grupo 4
05237,Antioquia,Donmatías,875.21,16,0.7771963300236515,0.0068554975377338005,0.4186423829709441,0.3585539470527073,0.14168028244649855,0.058271729070737306,1,3,Grupo 1
05240,Antioquia,Ebéjico,3791.1800000000003,9,0.9638634936879811,0.022420460120595696,0.42519743193412074,0.5386660617538602,0.0036927816669216442,0.0021101609525266537,1,3,Grupo 1
05250,Antioquia,El Bagre,2427.3,8,0.20487784781444401,0.4696576442961315,0.07428006426894079,0.13059778354550322,0.32546450788942444,0.0,2,4,Grupo 2
05264,Antioquia,Entrerríos,1418.2,13,0.34480327175292624,0.008461429981666902,0.34480327175292624,0.0,0.5288393738541813,0.08531941898180792,3,2,Grupo 3
05266,Antioquia,Envigado,113.45,25,0.354517408550022,0.00035257822829440284,0.26443367122080214,0.09008373732921993,0.28338475099162624,0.3219039224327898,3,2,Grupo 3
05282,Antioquia,Fredonia,4720.34,14,0.9831579928564468,0.0024362651842875726,0.5503840825025316,0.43277391035391516,0.0036014354898164114,0.005084379515034934,1,1,Grupo 1
05284,Antioquia,Frontino,2121.52,16,0.8963007654888948,0.03723745239262416,0.04401561144839549,0.8522851540404993,0.006599042196161243,0.007541762509898563,4,3,Grupo 4
05306,Antioquia,Giraldo,708.5,12,0.9824982357092449,0.0035285815102328866,0.02766407904022583,0.954834156669019,0.0,0.0077628793225123505,4,3,Grupo 4
05308,Antioquia,Girardota,970.9499999999999,14,0.8352129357845409,0.01750862557289253,0.11322931149904733,0.7219836242854937,0.020598383026932388,0.09681240022658222,4,3,Grupo 4
05310,Antioquia,Gómez Plata,1982.3799999999999,9,0.966202241749816,0.0050444415298782274,0.6258638606119917,0.3403383811378242,0.00907999475378081,0.0005044441529878228,1,1,Grupo 1
05313,Antioquia,Granada,990.84,23,0.9091679786847523,0.007064712768963708,0.2651285777723951,0.6440394009123571,0.02825885107585483,0.02624036171329377,4,3,Grupo 4
05315,Antioquia,Guadalupe,838.87,12,0.924183723342115,0.03337823500661604,0.011324758305816158,0.9068985659279745,0.0029801995541621465,0.006079607090490779,4,3,Grupo 4
05318,Antioquia,Guarne,529.9200000000001,9,0.23950785024154586,0.0,0.23950785024154586,0.0,0.08869263285024154,0.6038647342995168,3,2,Grupo 3
05321,Antioquia,Guatapé,95.82,8,0.6242955541640577,0.0,0.517011062408683,0.10728449175537466,0.0,0.2139428094343561,1,1,Grupo 1
05347,Antioquia,Heliconia,905.52,13,0.9282180404629384,0.05521689195158583,0.1897252407456489,0.7384927997172895,0.004417351356126867,0.007730364873222016,4,3,Grupo 4
05353,Antioquia,Hispania,1064.8899999999999,8,0.9962437434852426,0.0018781282573786967,0.1361642986599555,0.8600794448252872,0.0,0.0,4,3,Grupo 4
05360,Antioquia,Itagüí,46.89,9,0.4604393260823203,0.0,0.10236724248240563,0.35807208359991466,0.2345915973555129,0.29217317125186604,3,2,Grupo 3
05361,Antioquia,Ituango,4439.29,13,0.8834948831907805,0.018020899738471693,0.13403044180488322,0.7494644413858973,0.03469023199655801,0.0007208359895388677,4,3,Grupo 4
05364,Antioquia,Jardín,4574.2,16,0.9857898648944078,0.0019675571684666174,0.5001311704778978,0.4846749158322767,0.0019675571684666174,0.0063399064317257664,1,3,Grupo 1
05368,Antioquia,Jericó,4869.35,18,0.9883557353650897,0.0026697608510376125,0.7414747348208692,0.23866635177179707,0.001026831096552928,0.004251080739729122,1,1,Grupo 1
05376,Antioquia,La Ceja,1401.1100000000001,16,0.8658206707539022,0.009278357873400374,0.6000028548793457,0.26581781587455655,0.04282319018492481,0.05281526789474059,1,1,Grupo 1
05380,Antioquia,La Estrella,135.31,10,0.801936294435001,0.029561747099253567,0.509940137462124,0.29199615697287706,0.029561747099253567,0.12415933781686497,1,1,Grupo 1
05390,Antioquia,La Pintada,246.8,6,1.0,0.0,0.9837925445705025,0.01620745542949757,0.0,0.0,1,1,Grupo 1
05400,Antioquia,La Unión,3538.5,14,0.22772361169987282,0.03023880175215487,0.22772361169987282,0.0,0.4807121661721068,0.2292496820686732,3,2,Grupo 3
05411,Antioquia,Liborina,2326.66,11,0.9028650511892584,0.02063043160582122,0.23944194682506256,0.6634231043641959,0.0,0.004298006584546088,4,3,Grupo 4
05425,Antioquia,Maceo,2798.38,9,0.9271006796789572,0.014651333986091952,0.1472280390797533,0.7798726405992038,0.04288195313002523,0.0,4,3,Grupo 4
05440,Antioquia,Marinilla,3103.11,22,0.15858606365871658,0.0322257348273184,0.1499463441515125,0.008639719507204062,0.14823838020566463,0.5223791615508312,3,2,Grupo 3
05467,Antioquia,Montebello,1834.12,11,0.9787363967461234,0.01335790460820448,0.23051926809587162,0.7482171286502519,0.0,0.0,4,3,Grupo 4
05475,Antioquia,Murindó,680.0,9,0.6176470588235294,0.36764705882352944,0.5117647058823529,0.10588235294117647,0.014705882352941176,0.0,1,4,Grupo 1
05480,Antioquia,Mutatá,9649.55,9,0.38359819887974056,0.28892539030317477,0.031664689026949445,0.08974511764797323,0.3274764108170848,0.0,2,4,Grupo 2
05483,Antioquia,Nariño,3277.42,13,0.9859645696920138,0.0070177151539930795,0.21071452544989658,0.7752500442421172,0.0024409444013888974,0.0,4,3,Grupo 4
05490,Antioquia,Necoclí,13399.8,12,0.5675308586695325,0.35649785817698776,0.36772936909506115,0.19315959939700594,0.07597128315347991,0.0,2,4,Grupo 2
05495,Antioquia,Nechí,4043.0,5,0.09943111550828593,0.7855552807321297,0.09398961167449914,0.005441503833786792,0.11501360375958447,0.0,2,4,Grupo 2
05501,Antioquia,Olaya,656.11,12,0.9350718629498103,0.025148222096904482,0.3970370821965829,0.5380347807532273,0.012193077380317325,0.003962750148603131,1,3,Grupo 1
05541,Antioquia,Peñol,2755.1,12,0.5332292838735436,0.0,0.48908932525135207,0.044139958622191576,0.010888896954738485,0.33138543065587456,1,1,Grupo 1
05543,Antioquia,Peque,1746.93,9,0.8912377714046928,0.03148380301443103,0.0958824909984945,0.7953552804061983,0.0,0.0017172983462416926,4,3,Grupo 4
05576,Antioquia,Pueblorrico,2611.3599999999997,14,0.9766788186998347,0.005361191103486307,0.22217541817290612,0.7525886894185406,0.01152656087249556,0.0026805955517431534,4,3,Grupo 4
05579,Antioquia,Puerto Berrío,374.0,7,0.9117647058823529,0.08021390374331551,0.3877005347593583,0.5240641711229946,0.008021390374331552,0.0,1,3,Grupo 1
05585,Antioquia,Puerto Nare,251.0,4,0.7689243027888446,0.0398406374501992,0.12749003984063745,0.6414342629482072,0.19123505976095617,0.0,4,3,Grupo 4
05591,Antioquia,Puerto Triunfo,364.3,5,0.934120230579193,0.043919846280538015,0.5662915179796871,0.3678287125995059,0.021959923140269007,0.0,1,1,Grupo 1
05604,Antioquia,Remedios,3015.46,8,0.39379066543744573,0.3458842100376062,0.0693094917525021,0.3244811736849436,0.22550456646747097,0.0,2,4,Grupo 2
05607,Antioquia,Retiro,1048.4099999999999,15,0.8588338531681309,0.009538253164315488,0.6840835169447068,0.17141194761591366,0.046737440505145895,0.06390629620091377,1,1,Grupo 1
05615,Antioquia,Rionegro,433.6,13,0.42112546125461253,0.1798892988929889,0.42112546125461253,0.0,0.04151291512915129,0.21448339483394832,1,2,Grupo 1
05628,Antioquia,Sabanalarga,2087.71,10,0.8704321960425538,0.05364729775687236,0.04837836672717954,0.8220538293153743,0.0,0.0016764780549022612,4,3,Grupo 4
05631,Antioquia,Sabaneta,48.32,4,0.6688741721854304,0.16556291390728478,0.20695364238410596,0.46192052980132453,0.0,0.16556291390728478,1,3,Grupo 1
05642,Antioquia,Salgar,9503.09,12,0.964222163527863,0.013679761004052366,0.15079305783697725,0.8134291056908857,0.0,0.0,4,3,Grupo 4
05647,Antioquia,San Andrés de Cuerquía,1413.81,11,0.971990578649182,0.007073086199701516,0.21572912909089623,0.7562614495582858,0.014146172399403032,0.0011316937919522425,4,3,Grupo 4
05649,Antioquia,San Carlos,1462.96,10,0.9446327992563023,0.01777218789303877,0.06507354951604966,0.8795592497402526,0.02392409908678296,0.005468365505550391,4,3,Grupo 4
05652,Antioquia,San Francisco,1275.37,8,0.862000831131358,0.03842022315092875,0.19876584834204977,0.6632349827893083,0.09409034241043776,0.0,4,3,Grupo 4
05656,Antioquia,San Jerónimo,983.47,9,0.8496141214271915,0.0,0.268437268040713,0.5811768533864785,0.0,0.13828586535430668,4,3,Grupo 4
05658,Antioquia,San José de La Montaña,70.5,3,0.06382978723404255,0.0,0.06382978723404255,0.0,0.9361702127659575,0.0,3,2,Grupo 3
05659,Antioquia,San Juan de Urabá,11234.0,7,0.9902082962435463,0.004450774434751646,0.9684885170019584,0.021719779241588036,0.005340929321701976,0.0,1,1,Grupo 1
05660,Antioquia,San Luis,1039.81,8,0.8730537309700811,0.0596262778776892,0.026927996460891897,0.8461257345091892,0.026927996460891897,0.0,4,3,Grupo 4
05664,Antioquia,San Pedro de Los Milagros,1772.6,23,0.15796005867087895,0.0755951709353492,0.1572830869908609,0.0,0.5269096242807176,0.1391176802437098,3,2,Grupo 3
05665,Antioquia,San Pedro de Urabá,6906.5,13,0.3882574386447549,0.5704770868022877,0.2592485339897198,0.1265474552957359,0.04126547455295736,0.0,2,4,Grupo 2
05667,Antioquia,San Rafael,1337.75,9,0.986544571108204,0.0,0.08813305924126331,0.8984115118669407,0.013455428891795925,0.0,4,3,Grupo 4
05670,Antioquia,San Roque,4225.23,11,0.9382282147954076,0.021063942081259484,0.02958418831637568,0.908644026479032,0.015147104417984348,0.004023449611027093,4,3,Grupo 4
05674,Antioquia,San Vicente Ferrer,5485.47,12,0.30270332350737494,0.1458398277631634,0.23771891925395636,0.06498440425341857,0.20964475240954739,0.041017451558389706,2,4,Grupo 2
05679,Antioquia,Santa Bárbara,3997.3900000000003,19,0.9674787799038873,0.00750489694525678,0.45023127590752965,0.5172475039963577,0.006504244019222542,0.012633243191182246,1,3,Grupo 1
05686,Antioquia,Santa Rosa de Osos,4020.5099999999998,21,0.5617471415317958,0.004327809158539588,0.4051774526117334,0.1565696889200624,0.42780642256828116,0.0018903074485575213,1,1,Grupo 1
05690,Antioquia,Santo Domingo,2654.42,6,0.9871911754733614,0.0,0.08740139088765153,0.8997897845857099,0.0,0.0,4,3,Grupo 4
05697,Antioquia,El Santuario,2840.24,26,0.04511590569811002,0.007041658451398474,0.04511590569811002,0.0,0.1010830070698251,0.5626285102667381,3,2,Grupo 3
05736,Antioquia,Segovia,723.5,9,0.5729094678645473,0.21078092605390464,0.2543192812715964,0.3185901865929509,0.2100898410504492,0.0027643400138217,1,4,Grupo 1
05756,Antioquia,Sonsón,13071.68,27,0.8515875541628926,0.009639158853337902,0.6139325626086318,0.21470461333202773,0.02907047908149526,0.06770361575558766,1,1,Grupo 1
05761,Antioquia,Sopetrán,1577.12,11,1.0,0.0,0.3962919752460181,0.603708024753982,0.0,0.0,4,3,Grupo 4
05789,Antioquia,Támesis,5102.18,14,0.9860451806874709,0.0031359144522537423,0.632886334860785,0.35315884582668583,0.0,0.0025479304924561656,1,1,Grupo 1
05790,Antioquia,Tarazá,2219.0,8,0.8530869761153673,0.10410094637223975,0.3862100045065345,0.4668769716088328,0.04281207751239297,0.0,1,3,Grupo 1
05792,Antioquia,Tarso,1287.8100000000002,14,0.9867992949270467,0.004659072378689402,0.2468531848642268,0.706556091348879,0.004659072378689402,0.0,4,3,Grupo 4
05809,Antioquia,Titiribí,702.07,13,0.9903855740880539,0.0035608984859059637,0.3321036363895338,0.6582819376985201,0.00035608984859059636,0.002136539091543578,4,3,Grupo 4
05819,Antioquia,Toledo,1389.1100000000001,13,0.9694048707445775,0.015117593279149959,0.048520275572128915,0.9208845951724485,0.0,0.0010798280913678542,4,3,Grupo 4
05837,Antioquia,Turbo,34046.5,13,0.726844169004156,0.26287577284008634,0.6436344411319813,0.07997885245179387,0.010280058155757566,0.0,1,1,Grupo 1
05842,Antioquia,Uramita,1949.4,16,0.7419718887862933,0.16928285626346568,0.2759823535446804,0.4629116651277316,0.003077870113881194,0.027187852672617214,4,3,Grupo 4
05847,Antioquia,Urrao,10411.25,24,0.969552167126906,0.011525993516628646,0.7264267018849803,0.24312546524192577,0.002209148757353824,0.007107696001920999,1,1,Grupo 1
05854,Antioquia,Valdivia,1624.49,13,0.8239447457355847,0.06648240370824074,0.2842738336339405,0.5396709121016442,0.09541456087756772,0.0,4,3,Grupo 4
05856,Antioquia,Valparaíso,2144.34,14,0.9927716686719457,0.0023317197832433286,0.7571373942565077,0.22933863100068083,0.00163220384827033,0.0,1,1,Grupo 1
05858,Antioquia,Vegachí,3054.36,11,0.9764271402192276,0.005893214945193101,0.02619206642308045,0.9502350737961471,0.009494624078366662,0.0013096033211540223,4,3,Grupo 4
05861,Antioquia,Venecia,1764.87,10,0.9762022131941729,0.009065823545076976,0.6805033798523404,0.29569883334183256,0.004532911772538488,0.0,1,1,Grupo 1
05873,Antioquia,Vigía del Fuerte,2932.5,11,0.5072463768115942,0.463768115942029,0.44620630861040067,0.05592497868712702,0.028985507246376812,0.0,2,4,Grupo 2
05885,Antioquia,Yalí,1903.68,8,0.973209783156833,0.008404773911581778,0.03572028912422256,0.9374894940326105,0.013132459236846528,0.0,4,3,Grupo 4
05887,Antioquia,Yarumal,1625.08,15,0.7778570901124867,0.011999409259851823,0.4119181824894774,0.3659389076230093,0.17494523346542942,0.020429763457799004,1,3,Grupo 1
05890,Antioquia,Yolombó,6620.37,14,0.9601985991719496,0.00725035005596364,0.07869650789910534,0.8815020912728443,0.016615385544916674,0.009062937569954549,4,3,Grupo 4
05893,Antioquia,Yondó,4680.0,14,0.3267094017094017,0.344017094017094,0.07905982905982906,0.0547008547008547,0.3264957264957265,0.002777777777777778,2,4,Grupo 2
05895,Antioquia,Zaragoza,2816.0,8,0.25816761363636365,0.5220170454545454,0.15625,0.10191761363636363,0.21697443181818182,0.002840909090909091,2,4,Grupo 2
08001,Atlántico,Barranquilla,0.65,4,0.030769230769230767,0.0,0.030769230769230767,0.0,0.04615384615384615,0.4615384615384615,3,2,Grupo 3
08078,Atlántico,Baranoa,1440.0,19,0.09375,0.08472222222222223,0.09375,0.0,0.26666666666666666,0.17847222222222223,3,2,Grupo 3
08137,Atlántico,Campo de La Cruz,1346.0,8,0.01263001485884101,0.7466567607726597,0.01263001485884101,0.0,0.17830609212481427,0.05794947994056464,2,2,Grupo 2
08141,Atlántico,Candelaria,377.0,16,0.2891246684350133,0.3978779840848806,0.20954907161803712,0.0,0.26525198938992045,0.042440318302387266,2,2,Grupo 2
08296,Atlántico,Galapa,294.7,13,0.23752969121140144,0.3834407872412623,0.23752969121140144,0.0,0.23752969121140144,0.06956226671191042,3,2,Grupo 3
08421,Atlántico,Luruaco,2938.0,14,0.23893805309734514,0.35398230088495575,0.23893805309734514,0.0,0.39823008849557523,0.008849557522123894,2,2,Grupo 2
08433,Atlántico,Malambo,1312.5,18,0.45904761904761904,0.14476190476190476,0.45904761904761904,0.0,0.14476190476190476,0.13714285714285715,1,2,Grupo 1
08436,Atlántico,Manatí,1029.0,8,0.35276967930029157,0.369290573372206,0.35276967930029157,0.0,0.26239067055393583,0.015549076773566569,2,4,Grupo 2
08520,Atlántico,Palmar de Varela,1222.0,18,0.46481178396072015,0.15057283142389524,0.46481178396072015,0.0,0.29296235679214405,0.024549918166939442,1,2,Grupo 1
08549,Atlántico,Piojó,504.0,15,0.25595238095238093,0.36706349206349204,0.24206349206349206,0.013888888888888888,0.18253968253968253,0.03968253968253968,2,2,Grupo 2
08558,Atlántico,Polonuevo,777.0,12,0.2985842985842986,0.17245817245817247,0.2985842985842986,0.0,0.1866151866151866,0.16731016731016732,3,2,Grupo 3
08560,Atlántico,Ponedera,6126.5,9,0.058189831061780786,0.8161266628580756,0.058189831061780786,0.0,0.06039337305149759,0.03917407981718763,2,4,Grupo 2
08573,Atlántico,Puerto Colombia,103.5,26,0.20483091787439614,0.09951690821256039,0.20483091787439614,0.0,0.11594202898550725,0.4289855072463768,3,2,Grupo 3
08606,Atlántico,Repelón,6145.9,16,0.4322231080883191,0.27693258920581204,0.21939829805236014,0.0013016807953269661,0.278234270001139,0.009193120616996698,2,4,Grupo 2
08634,Atlántico,Sabanagrande,812.6,17,0.1090327344326852,0.2448929362539995,0.1090327344326852,0.0,0.3901058331282304,0.13290671917302485,3,2,Grupo 3
08638,Atlántico,Sabanalarga,517.0,16,0.4738878143133462,0.17988394584139264,0.4738878143133462,0.0,0.13926499032882012,0.11992263056092843,1,2,Grupo 1
08675,Atlántico,Santa Lucía,794.0,8,0.055415617128463476,0.20780856423173805,0.055415617128463476,0.0,0.47858942065491183,0.23299748110831234,3,2,Grupo 3
08685,Atlántico,Santo Tomás,1237.0,14,0.5634599838318513,0.15521422797089734,0.5634599838318513,0.0,0.22635408245755861,0.04688763136620857,1,1,Grupo 1
08758,Atlántico,Soledad,318.5,13,0.11773940345368916,0.2857142857142857,0.11145996860282574,0.006279434850863423,0.29199372056514916,0.2668759811616955,3,2,Grupo 3
08770,Atlántico,Suan,522.0,11,0.15708812260536398,0.1053639846743295,0.15708812260536398,0.0,0.5172413793103449,0.15900383141762453,3,2,Grupo 3
08832,Atlántico,Tubará,1348.5,11,0.07526881720430108,0.24619948090470894,0.07526881720430108,0.0,0.47089358546533183,0.048201705598813496,3,2,Grupo 3
08849,Atlántico,Usiacurí,1699.0,16,0.22778104767510302,0.28251912889935255,0.22189523248969983,0.0,0.19246615656268393,0.06180105944673337,2,2,Grupo 2
13001,Bolívar,Cartagena de Indias,1551.0,18,0.19277885235332043,0.35267569310122504,0.19277885235332043,0.0,0.3900709219858156,0.058027079303675046,3,2,Grupo 3
13006,Bolívar,Achí,19948.5,12,0.03331077524625912,0.9282903476451864,0.023435346015991176,0.00987542923026794,0.02366092688673334,0.01473795022182119,2,4,Grupo 2
13030,Bolívar,Altos del Rosario,2184.0,5,0.041666666666666664,0.8195970695970696,0.020604395604395604,0.021062271062271064,0.13873626373626374,0.0,2,4,Grupo 2
13042,Bolívar,Arenal,2931.0,6,0.2889798703514159,0.5199590583418628,0.12589559877175024,0.13920163766632548,0.19106107130672126,0.0,2,4,Grupo 2
13052,Bolívar,Arjona,6446.0,6,0.11417933602233944,0.6236425690350605,0.03661185231151101,0.0,0.2621780949426001,0.0,2,4,Grupo 2
13062,Bolívar,Arroyohondo,1486.8,7,0.02475114339521119,0.6860371267150929,0.02475114339521119,0.0,0.289211729889696,0.0,2,2,Grupo 2
13074,Bolívar,Barranco de Loba,2314.0,11,0.162057044079516,0.5617977528089888,0.08729472774416594,0.07476231633535005,0.23768366464995677,0.035004321521175455,2,4,Grupo 2
13140,Bolívar,Calamar,2324.0,6,0.012908777969018933,0.5370051635111877,0.012908777969018933,0.0,0.26247848537005164,0.18760757314974183,2,2,Grupo 2
13160,Bolívar,Cantagallo,3554.0,6,0.5596510973550929,0.2518289251547552,0.09369724254361284,0.14265616207090603,0.18851997749015195,0.0,2,4,Grupo 2
13188,Bolívar,Cicuco,399.5,7,0.14017521902377972,0.3053817271589487,0.14017521902377972,0.0,0.392991239048811,0.16145181476846057,3,2,Grupo 3
13212,Bolívar,Córdoba,2453.0,7,0.0028536485935589076,0.2629433346922136,0.0028536485935589076,0.0,0.28536485935589073,0.014268242967794538,2,2,Grupo 2
13222,Bolívar,Clemencia,5225.5,10,0.46588843172902117,0.1582623672375849,0.46588843172902117,0.0,0.3653238924504832,0.006315185149746436,1,4,Grupo 1
13244,Bolívar,El Carmen de Bolívar,18647.0,17,0.17573872472783825,0.14801308521477985,0.1442591301549847,0.04488657692926476,0.5995602509787097,0.016892797769078136,3,2,Grupo 3
13248,Bolívar,El Guamo,5509.0,11,0.021601016518424398,0.49010709747685605,0.021601016518424398,0.0,0.45870393900889456,0.005082592121982211,2,4,Grupo 2
13268,Bolívar,El Peñón,2856.0,9,0.8648459383753502,0.0273109243697479,0.13375350140056022,0.0,0.10434173669467788,0.0035014005602240898,1,3,Grupo 1
13300,Bolívar,Hatillo de Loba,1577.6,4,0.04918864097363083,0.48618154158215016,0.04918864097363083,0.0,0.37905679513184587,0.08557302231237324,2,2,Grupo 2
13430,Bolívar,Magangué,7459.0,10,0.03123743129105778,0.6361442552620995,0.03123743129105778,0.0,0.1816597399115163,0.1292398444831747,2,4,Grupo 2
13433,Bolívar,Mahates,10189.99,17,0.33454301721591484,0.3037294442879728,0.10196182724418767,0.02649659126260183,0.3385675550221345,0.020019646731743605,2,4,Grupo 2
13440,Bolívar,Margarita,1116.0,5,0.26971326164874554,0.4838709677419355,0.2078853046594982,0.06182795698924731,0.246415770609319,0.0,2,4,Grupo 2
13442,Bolívar,María La Baja,27266.0,14,0.4681288051052593,0.43798136873762195,0.025232890779725667,0.002787354214039463,0.08802171202229883,0.002934057067409961,2,4,Grupo 2
13458,Bolívar,Montecristo,6245.0,9,0.037149719775820655,0.8059247397918334,0.02353883106485188,0.013610888710968775,0.12089671737389912,0.02642113690952762,2,4,Grupo 2
13468,Bolívar,Santa Cruz de Mompox,6212.5,9,0.0454728370221328,0.4619718309859155,0.0454728370221328,0.0,0.3782696177062374,0.11428571428571428,2,2,Grupo 2
13473,Bolívar,Morales,6098.97,11,0.42695241983482457,0.423842058577104,0.046237315481138616,0.10230743879704278,0.0737829502358595,0.0,2,4,Grupo 2
13490,Bolívar,Norosí,1073.0,6,0.4175209692451072,0.37744641192917056,0.0260950605778192,0.09319664492078285,0.20503261882572227,0.0,2,4,Grupo 2
13549,Bolívar,Pinillos,3951.5,9,0.17373149436922689,0.5724408452486398,0.11210932557256738,0.06162216879665949,0.09616601290649121,0.13412628115905353,2,4,Grupo 2
13580,Bolívar,Regidor,11290.0,11,0.5234720992028343,0.29229406554472986,0.008148804251550044,0.000354295837023915,0.07705934455270151,0.0912311780336581,2,4,Grupo 2
13600,Bolívar,Río Viejo,8372.0,4,0.8279980888676541,0.09794553272814142,0.0,0.0,0.06569517439082656,0.008361204013377926,2,4,Grupo 2
13620,Bolívar,San Cristóbal,576.0,5,0.0625,0.4513888888888889,0.0625,0.0,0.4166666666666667,0.034722222222222224,2,2,Grupo 2
13647,Bolívar,San Estanislao,5811.0,7,0.027878162106350027,0.4164515573911547,0.027878162106350027,0.0,0.5076578902082258,0.03372913440027534,2,2,Grupo 2
13650,Bolívar,San Fernando,354.0,5,0.480225988700565,0.3305084745762712,0.480225988700565,0.0,0.18926553672316385,0.0,1,4,Grupo 1
13654,Bolívar,San Jacinto,8900.0,27,0.179438202247191,0.3775280898876405,0.1146067415730337,0.044382022471910115,0.38764044943820225,0.024494382022471912,2,4,Grupo 2
13655,Bolívar,San Jacinto del Cauca,5276.0,4,0.004169825625473844,0.9886277482941622,0.004169825625473844,0.0,0.007202426080363912,0.0,2,4,Grupo 2
13657,Bolívar,San Juan Nepomuceno,17726.0,10,0.032043326187521155,0.40302380683741396,0.029786753920794315,0.002256572266726842,0.47839332054609046,0.08180074466884801,2,2,Grupo 2
13667,Bolívar,San Martín de Loba,394.0,10,0.5279187817258884,0.4086294416243655,0.4010152284263959,0.12690355329949238,0.050761421319796954,0.012690355329949238,1,4,Grupo 1
13670,Bolívar,San Pablo,15823.3,12,0.7625021329305518,0.16488343139547376,0.06106817162033204,0.09038569704170434,0.06477789083187452,0.0073309613038999456,4,4,Grupo 4
13673,Bolívar,Santa Catalina,1865.0,15,0.2997319034852547,0.2680965147453083,0.19517426273458446,0.0,0.38605898123324395,0.03431635388739947,3,2,Grupo 3
13683,Bolívar,Santa Rosa,1194.0,13,0.254606365159129,0.27386934673366836,0.254606365159129,0.0,0.314070351758794,0.13819095477386933,3,2,Grupo 3
13688,Bolívar,Santa Rosa del Sur,9063.54,11,0.8486242682219088,0.10779452620057946,0.2129410804167025,0.6356831878052063,0.0209631115436132,0.0005516608300950842,4,3,Grupo 4
13744,Bolívar,Simití,11358.0,8,0.8800845219228738,0.09429477020602219,0.0306391970417327,0.10072195809121325,0.018048952280331043,0.0,4,4,Grupo 4
13760,Bolívar,Soplaviento,535.0,14,0.07009345794392523,0.411214953271028,0.07009345794392523,0.0,0.411214953271028,0.07570093457943926,3,2,Grupo 3
13780,Bolívar,Talaigua Nuevo,579.0,6,0.32642487046632124,0.25906735751295334,0.32642487046632124,0.0,0.41450777202072536,0.0,3,2,Grupo 3
13810,Bolívar,Tiquisio,2302.0,7,0.1264118158123371,0.7541268462206777,0.07037358818418767,0.05603822762814944,0.11946133796698523,0.0,2,4,Grupo 2
13836,Bolívar,Turbaco,2510.69,10,0.038113028689324445,0.42259299236464876,0.025614472515523623,0.012498556173800827,0.5392939789460268,0.0,2,2,Grupo 2
13838,Bolívar,Turbaná,1734.0,5,0.26009227220299885,0.5363321799307958,0.26009227220299885,0.0,0.2035755478662053,0.0,2,4,Grupo 2
13873,Bolívar,Villanueva,11853.0,8,0.048342191850164515,0.5399476925672826,0.04581118704125538,0.002531004808909137,0.41171011558255294,0.0,2,4,Grupo 2
13894,Bolívar,Zambrano,5856.4,9,0.21197322587254971,0.24246977665460012,0.0,0.011952735468888738,0.32272385765999595,0.10074448466634793,2,2,Grupo 2
15001,Boyacá,Tunja,6228.5,17,0.0018463514489845067,0.08348719595408204,0.0018463514489845067,0.0,0.7974632736613952,0.061330978566267964,3,2,Grupo 3
15022,Boyacá,Almeida,305.33,13,0.43831264533455605,0.18013297088396163,0.09825434775488816,0.34005829757966793,0.1179052173058658,0.02620115940130351,4,4,Grupo 4
15047,Boyacá,Aquitania,4517.91,11,0.023663596663058804,0.0,0.005391873676102446,0.018271722986956358,0.01947803298427813,0.9473406951444363,3,2,Grupo 3
15051,Boyacá,Arcabuco,1765.6,11,0.08070910738559131,0.006230176710466697,0.08070910738559131,0.0,0.9062075215224287,0.0020389669234254647,3,2,Grupo 3
15087,Boyacá,Belén,1110.0,17,0.04864864864864865,0.07297297297297298,0.04864864864864865,0.0,0.6891891891891891,0.13423423423423422,3,2,Grupo 3
15090,Boyacá,Berbeo,512.11,14,0.8525707367557751,0.05858116420300326,0.06600144500205034,0.7846165862802913,0.021479760207767862,0.026361523891351466,4,3,Grupo 4
15092,Boyacá,Betéitiva,130.0,13,0.14615384615384616,0.19230769230769232,0.14615384615384616,0.0,0.2923076923076923,0.18461538461538463,3,2,Grupo 3
15097,Boyacá,Boavita,1380.99,13,0.20419409264368316,0.49240037943793946,0.14264404521394072,0.06155004742974243,0.1303412769100428,0.013758245896060072,2,4,Grupo 2
15104,Boyacá,Boyacá,1309.0,13,0.023682200152788387,0.01833460656990069,0.023682200152788387,0.0,0.6111535523300229,0.20168067226890757,3,2,Grupo 3
15106,Boyacá,Briceño,1025.27,11,0.9414788299667405,0.014630292508314883,0.6471466052844617,0.2943322246822788,0.02438382084719147,0.0,1,1,Grupo 1
15109,Boyacá,Buenavista,1258.84,15,0.8371516634361793,0.0,0.3185472339614248,0.5186044294747545,0.04527978138603794,0.03971910647898065,4,3,Grupo 4
15114,Boyacá,Busbanzá,118.32,14,0.0196078431372549,0.312711291413117,0.0196078431372549,0.0,0.16903313049357674,0.30425963488843816,3,2,Grupo 3
15131,Boyacá,Caldas,1043.0,11,0.06999041227229147,0.22722914669223393,0.06999041227229147,0.0,0.4506232023010546,0.1342281879194631,3,2,Grupo 3
15135,Boyacá,Campohermoso,597.04,11,0.715261958997722,0.05862253785341016,0.14236902050113895,0.5728929384965831,0.1339943722363661,0.0,4,3,Grupo 4
15162,Boyacá,Cerinza,129.54,9,0.058205959549174006,0.06175698625907056,0.058205959549174006,0.0,0.5789717461787866,0.13123359580052493,3,2,Grupo 3
15172,Boyacá,Chinavita,315.98,17,0.6493448952465346,0.06392809671498195,0.15364896512437495,0.49569593012215957,0.0854484461041838,0.048420786125704156,4,3,Grupo 4
15176,Boyacá,Chiquinquirá,1468.43,12,0.12312469780650083,0.06469494630319457,0.12312469780650083,0.0,0.5826631163896134,0.0,3,2,Grupo 3
15180,Boyacá,Chiscas,523.0,13,0.13957934990439771,0.2447418738049713,0.1147227533460803,0.0248565965583174,0.4397705544933078,0.07648183556405354,3,2,Grupo 3
15183,Boyacá,Chita,2804.0,18,0.049572039942938656,0.3405848787446505,0.03566333808844508,0.01390870185449358,0.23894436519258203,0.14265335235378032,2,2,Grupo 2
15185,Boyacá,Chitaraque,8662.16,9,0.9822215244234694,0.008889237788265282,0.007215290412552989,0.9750062340109165,0.00692667879605087,0.0,4,3,Grupo 4
15187,Boyacá,Chivatá,720.0,10,0.0,0.49027777777777776,0.0,0.0,0.4444444444444444,0.029166666666666667,2,2,Grupo 2
15189,Boyacá,Ciénega,1013.64,25,0.227733712166055,0.001973087092064244,0.227733712166055,0.0,0.5250384751982953,0.0558383647054181,3,2,Grupo 3
15204,Boyacá,Cómbita,1692.0,16,0.26773049645390073,0.07801418439716312,0.26773049645390073,0.0,0.5910165484633569,0.020685579196217493,3,2,Grupo 3
15212,Boyacá,Coper,1972.52,13,0.9657798146533368,0.020785594062417617,0.48313832052399974,0.4826414941293371,0.0093788656135299,0.0,1,1,Grupo 1
15215,Boyacá,Corrales,130.4,14,0.19095092024539875,0.06901840490797545,0.19095092024539875,0.0,0.019171779141104295,0.6825153374233128,3,2,Grupo 3
15218,Boyacá,Covarachía,1067.3,19,0.22327368125175678,0.37477747587370003,0.1932914831818608,0.142415440832006,0.02529747962147475,0.12648739810737375,2,2,Grupo 2
15223,Boyacá,Cubará,245.36,9,0.8125203782197588,0.10189109879360939,0.197098141506358,0.6154222367134007,0.08558852298663189,0.0,4,3,Grupo 4
15224,Boyacá,Cucaita,687.5,14,0.02109090909090909,0.11636363636363636,0.02109090909090909,0.0,0.2909090909090909,0.4203636363636364,3,2,Grupo 3
15226,Boyacá,Cuítiva,340.5,8,0.1027900146842878,0.0,0.1027900146842878,0.0,0.2026431718061674,0.5653450807635829,3,2,Grupo 3
15232,Boyacá,Chíquiza,1767.0,7,0.0,0.011318619128466326,0.0,0.0,0.7787209960384833,0.17826825127334464,3,2,Grupo 3
15236,Boyacá,Chivor,141.51999999999998,12,0.7632843414358396,0.0741944601469757,0.09023459581684569,0.6730497456189939,0.04875635952515547,0.035330695308083665,4,3,Grupo 4
15238,Boyacá,Duitama,419.62,21,0.14923025594585576,0.09532434107049235,0.14923025594585576,0.0,0.08579190696344312,0.6315237595920118,3,2,Grupo 3
15244,Boyacá,El Cocuy,398.0,7,0.0,0.07537688442211055,0.0,0.0,0.8040201005025126,0.09547738693467336,3,2,Grupo 3
15248,Boyacá,El Espino,162.7,16,0.25015365703749237,0.2409342347879533,0.1407498463429625,0.10940381069452983,0.09342347879532883,0.05654578979717271,3,2,Grupo 3
15272,Boyacá,Firavitoba,270.0,15,0.03518518518518519,0.1,0.03518518518518519,0.0,0.5185185185185185,0.28888888888888886,3,2,Grupo 3
15276,Boyacá,Floresta,204.57,8,0.05166935523292761,0.43994720633523976,0.05166935523292761,0.0,0.29329813755682654,0.0,2,2,Grupo 2
15293,Boyacá,Gachantivá,578.5,12,0.526361279170268,0.19878997407087295,0.2480553154710458,0.2783059636992221,0.17286084701815038,0.03802938634399308,1,4,Grupo 1
15296,Boyacá,Gámeza,728.0,7,0.008241758241758242,0.016483516483516484,0.008241758241758242,0.0,0.8379120879120879,0.08241758241758242,3,2,Grupo 3
15299,Boyacá,Garagoa,499.65,22,0.5026518562994097,0.19013309316521565,0.16711698188732113,0.3355348744120885,0.03602521765235665,0.02501751225858101,4,3,Grupo 4
15317,Boyacá,Guacamayas,163.36,9,0.14299706170421153,0.33667972575905974,0.07345739471106758,0.06953966699314397,0.24485798237022524,0.024485798237022526,3,2,Grupo 3
15322,Boyacá,Guateque,152.59,19,0.3282652860606855,0.08519562225571793,0.12386132774100529,0.2044039583196802,0.02621403761714398,0.16383773510714988,3,2,Grupo 3
15325,Boyacá,Guayatá,606.97,18,0.6507240885051979,0.11203189613984216,0.27711419015766836,0.37360989834752956,0.00988516730645666,0.09226156152692884,1,3,Grupo 1
15332,Boyacá,Güicán de La Sierra,157.5,8,0.0,0.31746031746031744,0.0,0.0,0.4634920634920635,0.044444444444444446,3,2,Grupo 3
15362,Boyacá,Iza,65.7,7,0.1171993911719939,0.030441400304414,0.1171993911719939,0.0,0.532724505327245,0.197869101978691,3,2,Grupo 3
15367,Boyacá,Jenesano,1664.0,23,0.38611778846153844,0.030048076923076924,0.38611778846153844,0.0,0.4987980769230769,0.04657451923076923,3,2,Grupo 3
15368,Boyacá,Jericó,856.5,11,0.057209573847051956,0.030939871570344425,0.057209573847051956,0.0,0.7005253940455342,0.16695855224751896,3,2,Grupo 3
15377,Boyacá,Labranzagrande,485.6,20,0.6808072487644151,0.20593080724876442,0.3060131795716639,0.3747940691927512,0.0700164744645799,0.003088962108731466,1,3,Grupo 1
15380,Boyacá,La Capilla,564.01,16,0.06739242212017517,0.04255243701352813,0.03737522384354887,0.0300171982766263,0.02304923671566107,0.1631176752185245,3,2,Grupo 3
15401,Boyacá,La Victoria,201.34,11,0.9453660474818715,0.009933445912387007,0.09436773616767656,0.8509983113141949,0.03973378364954803,0.0049667229561935035,4,3,Grupo 4
15403,Boyacá,La Uvita,187.38,20,0.22350304194684598,0.20813320525136086,0.22350304194684598,0.0,0.24015369836695485,0.13075034688867543,3,2,Grupo 3
15407,Boyacá,Villa de Leyva,1199.97,14,0.04747618690467262,0.032500812520313005,0.04747618690467262,0.0,0.21583872930156586,0.6483495420718851,3,2,Grupo 3
15425,Boyacá,Macanal,930.66,14,0.3241355597103131,0.11819568908086735,0.02363913781617347,0.3004964218941396,0.019341112758687384,0.012894075172458256,4,4,Grupo 4
15442,Boyacá,Maripí,2640.93,20,0.8663349653341815,0.04240930278348915,0.16747888054586832,0.6988560847883133,0.0848186055669783,0.0,4,3,Grupo 4
15455,Boyacá,Miraflores,1733.15,22,0.8655627037475118,0.010962697977670714,0.2329284828202983,0.6326342209272134,0.02711825289213282,0.059140870669013065,4,3,Grupo 4
15464,Boyacá,Mongua,485.47999999999996,13,0.12618439482573948,0.05355524429430667,0.00416083051824998,0.12202356430748951,0.7429760237290929,0.006179451264727693,3,2,Grupo 3
15466,Boyacá,Monguí,196.43,21,0.07091584788474266,0.015272616199154914,0.06989767347146567,0.0,0.6083592119330041,0.11709005752685435,3,2,Grupo 3
15469,Boyacá,Moniquirá,4967.46,13,0.9444384051406554,0.01610481010415786,0.26130054393996127,0.6831378612006941,0.022144113893217056,0.0016104810104157858,4,3,Grupo 4
15476,Boyacá,Motavita,1981.0,9,0.0020191822311963654,0.06057546693589096,0.0020191822311963654,0.0,0.8859162039374053,0.02978293791014639,3,2,Grupo 3
15480,Boyacá,Muzo,827.87,16,0.9081981470520734,0.008455433824151135,0.20655416913283486,0.7016439779192385,0.07247514706415259,0.0,4,3,Grupo 4
15491,Boyacá,Nobsa,304.5,19,0.042692939244663386,0.03284072249589491,0.042692939244663386,0.0,0.05582922824302135,0.8407224958949097,3,2,Grupo 3
15494,Boyacá,Nuevo Colón,2076.0,16,0.7186897880539499,0.02167630057803468,0.7186897880539499,0.0,0.1811175337186898,0.04046242774566474,1,1,Grupo 1
15500,Boyacá,Oicatá,203.0,12,0.33497536945812806,0.4630541871921182,0.33497536945812806,0.0,0.07389162561576355,0.08374384236453201,2,4,Grupo 2
15507,Boyacá,Otanche,1102.3899999999999,10,0.9641687606019648,0.0058962799009424985,0.26850751548907376,0.6956612451128912,0.029934959497092684,0.0,4,3,Grupo 4
15511,Boyacá,Pachavita,583.08,16,0.4120875351581258,0.05093640666803868,0.11404953008163544,0.29803800507649036,0.07580434931741785,0.16772998559374355,3,2,Grupo 3
15514,Boyacá,Páez,598.4,14,0.7994652406417112,0.0768716577540107,0.13285427807486633,0.6666109625668449,0.08856951871657755,0.0,4,3,Grupo 4
15516,Boyacá,Paipa,610.3,14,0.3100933966901524,0.15846305095854502,0.2699492053088645,0.04014419138128789,0.3265607078485991,0.09356054399475669,3,2,Grupo 3
15518,Boyacá,Pajarito,237.01999999999998,31,0.7742806514218209,0.05484769217787529,0.3598852417517509,0.41439540967007005,0.0843810648890389,0.04008100582229348,1,3,Grupo 1
15522,Boyacá,Panqueba,188.92000000000002,15,0.14778742324793562,0.23819606182511113,0.07368198179123438,0.07410544145670124,0.12174465382172348,0.46051238619521484,3,2,Grupo 3
15531,Boyacá,Pauna,3252.94,16,0.9446654411086586,0.01168174021039429,0.5521159320491617,0.392549509059497,0.03719712014362392,0.0,1,1,Grupo 1
15533,Boyacá,Paya,451.37,17,0.8172231207213594,0.06646431973768749,0.14843698074750206,0.6687861399738574,0.08308039967210935,0.0,4,3,Grupo 4
15537,Boyacá,Paz de Río,159.5,13,0.09278996865203762,0.2852664576802508,0.09278996865203762,0.0,0.31974921630094044,0.07210031347962383,3,2,Grupo 3
15542,Boyacá,Pesca,700.37,6,0.003383925639304939,0.0,0.003383925639304939,0.0,0.4397675514370975,0.30840841269614633,3,2,Grupo 3
15550,Boyacá,Pisba,330.67,19,0.7172407536214352,0.11189403332627695,0.2531224483624157,0.46411830525901954,0.09979738107478754,0.019657059908670275,4,3,Grupo 4
15572,Boyacá,Puerto Boyacá,1395.12,11,0.6774471013246173,0.17561213372326395,0.41000057342737545,0.2674465278972418,0.1290211594701531,0.017919605481965712,1,1,Grupo 1
15580,Boyacá,Quípama,1849.83,10,0.821605228588573,0.04324721731186109,0.23948146586443078,0.5821237627241422,0.12974165193558326,0.0,4,3,Grupo 4
15599,Boyacá,Ramiriquí,1107.23,18,0.27476676029370595,0.03431987933852948,0.27476676029370595,0.0,0.3793249821626943,0.17159939669264743,3,2,Grupo 3
15600,Boyacá,Ráquira,1330.0,20,0.28533834586466167,0.03759398496240601,0.27030075187969926,0.015037593984962405,0.3082706766917293,0.28721804511278193,3,2,Grupo 3
15621,Boyacá,Rondón,335.3,18,0.8747390396659708,0.04175365344467641,0.30700864897107066,0.5677303906949001,0.04771846107963018,0.02385923053981509,4,3,Grupo 4
15632,Boyacá,Saboyá,5793.4,11,0.08804846894742294,0.027099803224358756,0.08804846894742294,0.0,0.8435461041875237,0.006783581316670694,3,2,Grupo 3
15638,Boyacá,Sáchica,276.0,2,0.0,0.0,0.0,0.0,0.0,1.0,3,2,Grupo 3
15646,Boyacá,Samacá,2594.0,13,0.0038550501156515036,0.04433307632999229,0.0038550501156515036,0.0,0.558982266769468,0.35312259059367773,3,2,Grupo 3
15660,Boyacá,San Eduardo,424.42,17,0.909994816455398,0.028273879647518967,0.08246548230526365,0.8275293341501343,0.023561566372932472,0.014136939823759484,4,3,Grupo 4
15664,Boyacá,San José de Pare,4568.41,19,0.9934331638359954,0.003940101698402727,0.022738764690559736,0.9699282682596352,0.001313367232800909,0.000875578155200606,4,3,Grupo 4
15667,Boyacá,San Luis de Gaceno,453.3,10,0.6360026472534746,0.14339289653651002,0.3309066843150232,0.30509596293845137,0.22060445621001543,0.0,1,3,Grupo 1
15673,Boyacá,San Mateo,1056.3899999999999,15,0.4121489222730242,0.38527437783394397,0.296500345516334,0.11564857675669026,0.009466200929580932,0.03407832334649136,2,4,Grupo 2
15676,Boyacá,San Miguel de Sema,23.71,10,0.2830029523407845,0.2952340784479123,0.2830029523407845,0.0,0.2952340784479123,0.0,3,2,Grupo 3
15681,Boyacá,San Pablo de Borbur,1284.56,15,0.9159245189014137,0.0389238338419381,0.08504857694463475,0.8300974652799402,0.015569533536775239,0.0,4,3,Grupo 4
15686,Boyacá,Santana,4006.19,11,0.967550216040677,0.009984548910560907,0.029204805563390654,0.9383454104772864,0.014976823365841361,0.0,4,3,Grupo 4
15690,Boyacá,Santa María,511.37,22,0.6137825840389541,0.13688718540391498,0.37291980366466554,0.24086278037428868,0.18381993468525726,0.004888828050139821,1,3,Grupo 1
15693,Boyacá,Santa Rosa de Viterbo,408.1,16,0.05635873560401862,0.09801519235481498,0.05635873560401862,0.0,0.3031119823572654,0.41019358000490075,3,2,Grupo 3
15696,Boyacá,Santa Sofía,261.9,13,0.24971363115693013,0.07636502481863307,0.048109965635738834,0.2016036655211913,0.18709431080565103,0.4715540282550592,3,2,Grupo 3
15720,Boyacá,Sativanorte,242.0,19,0.29132231404958675,0.13636363636363635,0.09297520661157024,0.19834710743801653,0.41735537190082644,0.08677685950413223,3,2,Grupo 3
15723,Boyacá,Sativasur,56.68,9,0.029640084685956247,0.41460832745236414,0.029640084685956247,0.0,0.35285815102328866,0.0,3,2,Grupo 3
15740,Boyacá,Siachoque,8867.0,14,0.0007894440058644411,0.08683884064508852,0.0007894440058644411,0.0,0.8203450998082779,0.0604488553061915,3,2,Grupo 3
15753,Boyacá,Soatá,535.2,29,0.37499999999999994,0.241965620328849,0.3163303437967115,0.0717488789237668,0.06819880418535126,0.10276532137518683,1,2,Grupo 1
15755,Boyacá,Socotá,1216.5,9,0.09823263460748048,0.2992190711056309,0.007809288943690916,0.09042334566378955,0.4652692149609536,0.04110152075626798,3,2,Grupo 3
15757,Boyacá,Socha,91.9,12,0.1251360174102285,0.3046789989118607,0.0707290533188248,0.010881392818280738,0.33188248095756256,0.12731229597388463,3,2,Grupo 3
15759,Boyacá,Sogamoso,581.3,18,0.028900739721314298,0.08601410631343541,0.020299329089970758,0.0,0.6433855152244968,0.18062962325821436,3,2,Grupo 3
15761,Boyacá,Somondoco,465.39,17,0.2909172951717914,0.13966780549646535,0.13966780549646535,0.1512494896753261,0.34379767506822234,0.09239562517458476,3,2,Grupo 3
15762,Boyacá,Sora,414.0,7,0.0,0.03864734299516908,0.0,0.0,0.3864734299516908,0.4420289855072464,3,2,Grupo 3
15763,Boyacá,Sotaquirá,1523.8,26,0.31093319333245834,0.01443759023493897,0.3105394408715054,0.0,0.6168788554928468,0.020343877149232182,3,2,Grupo 3
15764,Boyacá,Soracá,2559.0,11,0.021101992966002344,0.07854630715123095,0.021101992966002344,0.0,0.7581086361860102,0.09456819069949199,3,2,Grupo 3
15774,Boyacá,Susacón,986.6,18,0.16394688830326373,0.44344212446786946,0.10738901277113319,0.05655787553213055,0.3404115142915062,0.0,2,2,Grupo 2
15776,Boyacá,Sutamarchán,765.5,18,0.2991508817766166,0.010450685826257348,0.26322664924885697,0.0,0.20901371652514697,0.46701502286087526,3,2,Grupo 3
15778,Boyacá,Sutatenza,720.41,30,0.28969614525062115,0.38311517052789384,0.1549117863438875,0.12923196513096707,0.021251787176746573,0.08203661803695118,2,4,Grupo 2
15790,Boyacá,Tasco,125.3,14,0.06225059856344772,0.1596169193934557,0.06225059856344772,0.0,0.47885075818036715,0.007980845969672785,3,2,Grupo 3
15798,Boyacá,Tenza,495.89,18,0.24721208332493094,0.37306660751376314,0.1115166670027627,0.13569541632216822,0.0020165762568311522,0.2831273064590938,3,2,Grupo 3
15804,Boyacá,Tibaná,2470.5,21,0.6122242461040275,0.12426634284557782,0.5599271402550091,0.052297105849018415,0.14207650273224043,0.0287391216352965,1,1,Grupo 1
15806,Boyacá,Tibasosa,725.5,13,0.06409372846312887,0.022053756030323914,0.06409372846312887,0.0,0.06202618883528601,0.8407994486560992,3,2,Grupo 3
15808,Boyacá,Tinjacá,144.0,14,0.2013888888888889,0.11805555555555555,0.2013888888888889,0.0,0.1527777777777778,0.4236111111111111,3,2,Grupo 3
15810,Boyacá,Tipacoque,380.75,13,0.5541694024950755,0.2495075508864084,0.4990151017728168,0.0551543007222587,0.01772816808929744,0.1365725541694025,1,1,Grupo 1
15814,Boyacá,Toca,3588.0,9,0.011984392419175028,0.07107023411371237,0.011984392419175028,0.0,0.8082497212931996,0.07246376811594203,3,2,Grupo 3
15816,Boyacá,Togüí,4547.99,11,0.9432716430774913,0.028584055813667138,0.12818849645667646,0.8150831466208149,0.024186508765410654,0.0,4,3,Grupo 4
15820,Boyacá,Tópaga,155.75,12,0.11396468699839486,0.2953451043338684,0.11396468699839486,0.0,0.2504012841091493,0.2504012841091493,3,2,Grupo 3
15822,Boyacá,Tota,1591.5,7,0.012880929940307886,0.0,0.012880929940307886,0.0,0.3141690229343387,0.1910147659440779,3,2,Grupo 3
15832,Boyacá,Tununguá,1160.38,13,0.9534635205708475,0.015512159809717504,0.8813492131887829,0.0721143073820645,0.024130026370671673,0.0,1,1,Grupo 1
15835,Boyacá,Turmequé,1357.0,16,0.4148857774502579,0.09579955784819455,0.4148857774502579,0.0,0.35814296241709653,0.051584377302873984,1,2,Grupo 1
15837,Boyacá,Tuta,720.15,18,0.14337290842185657,0.14580295771714227,0.1426786086232035,0.0,0.6804138026799973,0.023328473234742762,3,2,Grupo 3
15839,Boyacá,Tutazá,1151.0,13,0.02371850564726325,0.007124239791485664,0.02371850564726325,0.0,0.894874022589053,0.04778453518679409,3,2,Grupo 3
15842,Boyacá,Úmbita,2482.68,24,0.14647477725683536,0.012123995037620638,0.10061707509626695,0.04585770216056842,0.7133420336088421,0.0003745951955145247,3,2,Grupo 3
15861,Boyacá,Ventaquemada,5533.0,13,0.030724742454364722,0.0025302729080065064,0.030724742454364722,0.0,0.6741369962045907,0.2855593710464486,3,2,Grupo 3
15879,Boyacá,Viracachá,1208.1000000000001,18,0.0770631570234252,0.0430427944706564,0.0770631570234252,0.0,0.8318847777501861,0.026487873520403937,3,2,Grupo 3
15897,Boyacá,Zetaquira,1460.45,17,0.9041391351980554,0.027388818514841314,0.13578006778732582,0.7683590674107296,0.0,0.020541613886130985,4,3,Grupo 4
17001,Caldas,Manizales,8610.220000000001,21,0.9855288250474435,0.0013936926118031825,0.4063647618760032,0.5789213283748846,0.009291284078687883,0.0022763645992785317,4,3,Grupo 4
17013,Caldas,Aguadas,12884.460000000001,21,0.9767937499902984,0.006829933113223215,0.640685756329718,0.3361079936605802,0.001552257525732549,0.008149352010095883,1,1,Grupo 1
17042,Caldas,Anserma,12342.54,19,0.9831153068979318,0.002025515007445793,0.5077561020665114,0.4753592048314204,0.0,0.014373054492835349,1,3,Grupo 1
17050,Caldas,Aranzazu,4873.55,17,0.986047131967457,0.00451416318699921,0.6707841306645053,0.31526300130295165,0.0,0.004308973951226518,1,1,Grupo 1
17088,Caldas,Belalcázar,5578.639999999999,14,0.9955186210259132,0.002330317066525175,0.4090082887585505,0.5865103322673627,0.0,0.0012547861127443249,4,3,Grupo 4
17174,Caldas,Chinchiná,6219.54,14,0.9905941596966978,0.003456847290957209,0.3831231891747621,0.6074709705219358,0.0006431343797129691,0.0025725375188518766,4,3,Grupo 4
17272,Caldas,Filadelfia,4175.11,7,0.9691744648643988,0.01676602532627883,0.16413938794426974,0.805035076920129,0.0,0.0001676602532627883,4,3,Grupo 4
17380,Caldas,La Dorada,436.0,14,0.8188073394495413,0.06422018348623854,0.3532110091743119,0.0,0.0779816513761468,0.0389908256880734,1,1,Grupo 1
17388,Caldas,La Merced,1502.23,10,0.9553996392030515,0.029289789180085606,0.22627027818642947,0.7291293610166221,0.0,0.0,4,3,Grupo 4
17433,Caldas,Manzanares,4995.24,14,0.9947149686501551,0.0020019058143352472,0.2774841649250086,0.7172308037251464,0.0,0.0012812197211745583,4,3,Grupo 4
17442,Caldas,Marmato,698.33,7,1.0,0.0,0.4157490011885498,0.5842509988114502,0.0,0.0,1,3,Grupo 1
17444,Caldas,Marquetalia,3693.2499999999995,8,0.979421918364584,0.0075813984972585135,0.20037365464022205,0.7790482637243621,0.0,0.0064983415690787255,4,3,Grupo 4
17446,Caldas,Marulanda,463.33000000000004,12,0.7086309973453047,0.06474866725659896,0.3064770250145684,0.4021539723307362,0.07554011179936546,0.07338182289081216,1,3,Grupo 1
17486,Caldas,Neira,7685.16,19,0.9917373223198996,0.000780725450088222,0.4968315558817253,0.49490576643817435,0.0,0.004944594517225406,1,3,Grupo 1
17495,Caldas,Norcasia,1392.71,13,0.9910246928649898,0.007180245708008128,0.790695837611563,0.20032885525342678,0.0014360491416016256,0.0,1,1,Grupo 1
17513,Caldas,Pácora,9458.68,9,0.9646356574067417,0.014272604634050418,0.616163143271577,0.3484725141351647,0.0,0.00047575348780168054,1,1,Grupo 1
17524,Caldas,Palestina,5887.63,17,0.9760514842135121,0.011040095929941249,0.533914325458631,0.44213715875488097,0.0,0.005095428890742115,1,1,Grupo 1
17541,Caldas,Pensilvania,4947.87,20,0.9367404559941955,0.011520108652814241,0.14356884881777413,0.7931716071764214,0.019200181088023734,0.01758332373324279,4,3,Grupo 4
17614,Caldas,Riosucio,5482.8099999999995,17,0.9913365591731247,0.004012541014552757,0.20192200714597078,0.789414552027154,0.0012767175955395137,9.119411396710811e-05,4,3,Grupo 4
17616,Caldas,Risaralda,5693.4,16,0.9885340921066499,0.007552604770435943,0.47663961780307024,0.5118944743035796,0.0008782098570274354,4.917975199353638e-05,1,3,Grupo 1
17653,Caldas,Salamina,7585.13,9,0.9791170355682762,0.0015820427599790644,0.6255726665198883,0.3535443690483881,0.015820427599790642,0.000843756138655501,1,1,Grupo 1
17662,Caldas,Samaná,6159.96,9,0.9953733465801726,0.001980532341119098,0.11620205326008609,0.8791712933200865,0.0,0.0,4,3,Grupo 4
17665,Caldas,San José,3493.58,11,0.9813944435221177,0.017174359825737496,0.4131521247545498,0.5682423187675679,0.0,0.0,4,3,Grupo 4
17777,Caldas,Supía,5171.400000000001,18,0.9910082376145725,0.0006187879491046912,0.3116196774567815,0.6793885601577909,0.0,0.004892292222608965,4,3,Grupo 4
17867,Caldas,Victoria,2263.22,10,0.8674454980072641,0.06627725099636801,0.4563586394605916,0.4110868585466725,0.0,0.0,1,1,Grupo 1
17873,Caldas,Villamaría,2758.19,18,0.9172645829330105,0.00043506792497978745,0.3800064535075539,0.5372581294254565,0.01994061322824026,0.05510860383077308,4,3,Grupo 4
17877,Caldas,Viterbo,4384.01,12,0.992244543237812,0.007299253423235804,0.12237654567393778,0.8698679975638742,0.0,0.0,4,3,Grupo 4
18001,Caquetá,Florencia,3147.81,12,0.8915912968063511,0.03430956760414383,0.24175537913660608,0.649835917669745,0.06988985993436707,0.004209275655138017,4,3,Grupo 4
18029,Caquetá,Albania,676.8,9,0.7030141843971632,0.12411347517730498,0.32993498817966904,0.37307919621749414,0.17287234042553193,0.0,1,3,Grupo 1
18094,Caquetá,Belén de Los Andaquíes,1430.0,12,0.9356643356643357,0.027972027972027972,0.5902097902097903,0.3132867132867133,0.03496503496503497,0.0013986013986013986,1,1,Grupo 1
18150,Caquetá,Cartagena del Chairá,10045.5,9,0.49489821313025734,0.2064606042506595,0.4319844706585038,0.06092280125429297,0.2986411826190832,0.0,1,4,Grupo 1
18205,Caquetá,Curillo,1118.0,13,0.539355992844365,0.2638640429338104,0.10465116279069768,0.4347048300536673,0.1511627906976744,0.04561717352415027,4,4,Grupo 4
18247,Caquetá,El Doncello,1312.24,29,0.7880494421752119,0.019051393037858928,0.2505258184478449,0.537523623727367,0.12192891544229714,0.0660778516125099,4,3,Grupo 4
18256,Caquetá,El Paujíl,591.16,5,0.627850328168347,0.0,0.1387103322281616,0.48913999594018537,0.37214967183165304,0.0,4,3,Grupo 4
18410,Caquetá,La Montañita,870.31,12,0.6897657156645333,0.1953326975445531,0.15511714216773334,0.5151153037423447,0.11490158679091358,0.0,4,3,Grupo 4
18460,Caquetá,Milán,746.0,8,0.3941018766756032,0.36193029490616624,0.23056300268096513,0.16353887399463807,0.20107238605898123,0.04289544235924933,2,4,Grupo 2
18479,Caquetá,Morelia,81.0,6,0.8024691358024691,0.09876543209876543,0.2839506172839506,0.5185185185185185,0.09876543209876543,0.0,1,3,Grupo 1
18592,Caquetá,Puerto Rico,3911.45,13,0.762747830088586,0.15160618185072033,0.29912180904779556,0.45979112605299827,0.03579235321939434,0.030679159902338007,4,3,Grupo 4
18610,Caquetá,San José del Fragua,3506.5,13,0.8917724226436617,0.009411093683159845,0.3978325966063026,0.4939398260373592,0.09125909026094396,0.007557393412234422,1,3,Grupo 1
18753,Caquetá,San Vicente del Caguán,11386.880000000001,17,0.641165973471223,0.2085733756744604,0.40076825258543164,0.24039772088579137,0.1194357014388489,0.0014051258992805755,1,1,Grupo 1
18756,Caquetá,Solano,2012.15,10,0.8324429093258454,0.11132370847103844,0.6470690554879109,0.18537385383793453,0.052182988345799264,0.0040503938573168,1,1,Grupo 1
18785,Caquetá,Solita,1289.0,9,0.6252909231962762,0.17067494181536075,0.49495733126454616,0.13033359193173003,0.20015515903801395,0.003878975950349108,1,1,Grupo 1
18860,Caquetá,Valparaíso,229.0,5,0.62882096069869,0.0,0.18340611353711792,0.44541484716157204,0.37117903930131,0.0,3,3,Grupo 3
19001,Cauca,Popayán,4086.09,22,0.9713907427393914,0.0020802282866995096,0.03670991094175605,0.9346808317976354,0.003450731628525069,0.017180238320741833,4,3,Grupo 4
19022,Cauca,Almaguer,3545.13,17,0.764183541929351,0.02961809581030879,0.33341513569319037,0.4307684062361606,0.0826485911659093,0.03243886683986201,4,3,Grupo 4
19050,Cauca,Argelia,1960.4599999999998,20,0.878191852932475,0.04029666506840232,0.05473205268151353,0.8234598002509615,0.01785295287840609,0.031880272997153736,4,3,Grupo 4
19075,Cauca,Balboa,4280.66,19,0.9134479262543627,0.07592287170669944,0.12720001121322413,0.7862479150411386,0.0011680441801030683,0.003620936958319512,4,3,Grupo 4
19100,Cauca,Bolívar,5869.6900000000005,24,0.8065485570788236,0.0578395111155785,0.140978484383332,0.6655700726954915,0.06184312970531663,0.013458973131460094,4,3,Grupo 4
19110,Cauca,Buenos Aires,4013.2200000000003,14,0.8106258814617688,0.009967058870433218,0.10216235342194048,0.7036045868404922,0.17691529495018962,0.0002491764717608304,4,3,Grupo 4
19130,Cauca,Cajibío,11934.6,14,0.9817170244499187,0.0032678095621135185,0.005781509225277763,0.975935515224641,0.0024299096743921034,0.007809226953563588,4,3,Grupo 4
19137,Cauca,Caldono,7729.94,15,0.9415260661790389,0.002975443535137401,0.013066078132559892,0.928459988046479,0.038810133067009575,0.005304051519157976,4,3,Grupo 4
19142,Cauca,Caloto,6085.64,16,0.8458666631611466,0.1419735639965558,0.049247080011305296,0.7966195831498413,0.0032864250925128662,0.0,4,3,Grupo 4
19212,Cauca,Corinto,2846.48,17,0.9444928473061466,0.012295888254967538,0.1342008375256457,0.8102920097805009,0.0038644220229897977,0.004215733115988871,4,3,Grupo 4
19256,Cauca,El Tambo,21503.42,22,0.8633240665903377,0.024182199854720785,0.3203211396140707,0.5430029269762671,0.08649786871111666,0.0035343215172284224,4,3,Grupo 4
19290,Cauca,Florencia,1211.74,17,0.9690527670952515,0.020631488603165694,0.09531747734662552,0.8737352897486259,0.006602076353013023,0.0004126297720633139,4,3,Grupo 4
19300,Cauca,Guachené,6616.5,13,0.7742764301367793,0.19715861860500264,0.02947177510768533,0.7452580669538276,0.021914909695458323,0.0015113730824454017,4,3,Grupo 4
19318,Cauca,Guapi,1975.0,20,0.96,0.020253164556962026,0.5974683544303797,0.052658227848101265,0.012151898734177215,0.0,1,1,Grupo 1
19355,Cauca,Inzá,6280.93,20,0.9172097125744118,0.02515551041008258,0.02165284440361539,0.8955568681707964,0.02690684341331618,0.0042987264624824665,4,3,Grupo 4
19364,Cauca,Jambaló,2557.66,21,0.89443475676986,0.041053150145054465,0.10791113752414316,0.7865236192457169,0.023067960557697272,0.011729471470015561,4,3,Grupo 4
19392,Cauca,La Sierra,3535.45,25,0.9582797097964898,0.01612241723118698,0.0652505338782899,0.8930291759182001,0.01216252527966737,0.0029699189636397064,4,3,Grupo 4
19397,Cauca,La Vega,4685.79,33,0.9534763615100121,0.009390092172291118,0.08205660091468034,0.869072237552259,0.022941702466393075,0.004588340493278615,4,3,Grupo 4
19418,Cauca,López de Micay,2479.0,17,0.9354578459056071,0.010891488503428802,0.6148850342880194,0.31895925776522793,0.0536506655909641,0.0,1,1,Grupo 1
19450,Cauca,Mercaderes,3614.43,24,0.5827834540992632,0.27113542107607563,0.22216504400417217,0.3603417412980746,0.03873363158229652,0.06142047293764162,4,3,Grupo 4
19455,Cauca,Miranda,7888.8099999999995,22,0.9891872158158203,0.0020662178452770445,0.03791446365167877,0.9512727521641414,0.0019014274649788753,0.003549331267960567,4,3,Grupo 4
19473,Cauca,Morales,8525.48,11,0.9230541858053741,0.017594317270112653,0.015650731689007543,0.9074034541163666,0.05465967898581664,0.0005864772423370884,4,3,Grupo 4
19513,Cauca,Padilla,7459.0,12,0.9861911784421504,0.012870357956830674,0.011529695669660812,0.9746614827724897,0.000670331143584931,0.0,4,3,Grupo 4
19517,Cauca,Páez,11111.53,19,0.6839607146810565,0.2564903303145471,0.08686292526771741,0.5970977894133391,0.021869175532082438,0.005939776070442144,4,3,Grupo 4
19532,Cauca,Patía,4257.0599999999995,19,0.8548293892968387,0.09548843568096294,0.38613973023636033,0.46868965906047844,0.0122150028423372,0.032181834411542244,4,3,Grupo 4
19533,Cauca,Piamonte,1496.0,7,0.5882352941176471,0.17780748663101603,0.33890374331550804,0.24933155080213903,0.2339572192513369,0.0,1,4,Grupo 1
19548,Cauca,Piendamó - Tunía,7030.32,9,0.98364228086346,0.007254292834465572,0.013015054791247056,0.970627226072213,0.0028448207193982637,0.0036982669352177426,4,3,Grupo 4
19573,Cauca,Puerto Tejada,9728.13,10,0.9773851706340273,0.02086731982405663,0.019625560102506857,0.9577596105315205,0.0,0.0007195627525536769,4,3,Grupo 4
19585,Cauca,Puracé,1735.46,8,0.26101437082963597,0.005358809768015397,0.07698247150611365,0.1840318993235223,0.7260322911504731,0.0,3,2,Grupo 3
19622,Cauca,Rosas,1970.3400000000001,19,0.9733548524620116,0.006090319437254484,0.01690063643838119,0.9553884101221108,0.006090319437254484,0.004821502887826466,4,3,Grupo 4
19693,Cauca,San Sebastián,2666.74,41,0.30645657244425784,0.09187247350697857,0.060373339733157345,0.2443207811785176,0.5651094594898641,0.022124391579231573,3,2,Grupo 3
19698,Cauca,Santander de Quilichao,12268.14,12,0.9180804914192371,0.059911282394886266,0.06397383792490141,0.8541066534943357,0.01956286772077919,0.0,4,3,Grupo 4
19701,Cauca,Santa Rosa,1113.72,23,0.7915095356103867,0.13019430377473692,0.4215781345400998,0.36993140107028694,0.048935100384297665,0.01768846747836081,1,3,Grupo 1
19743,Cauca,Silvia,2198.69,19,0.48924132096839484,0.11870704828784412,0.0886891740081594,0.40055214696023544,0.2205858943279862,0.15190863650628328,4,2,Grupo 4
19760,Cauca,Sotará Paispamba,1781.22,19,0.846172847823402,0.02919347413570474,0.3155140858512705,0.5306587619721315,0.09263313908444773,0.010105433354667025,4,3,Grupo 4
19780,Cauca,Suárez,3818.02,15,0.9148773448017559,0.014405372418164388,0.0627628980466315,0.8418997281313351,0.04976401380820425,0.003666822070078208,4,3,Grupo 4
19785,Cauca,Sucre,2105.1400000000003,13,0.9667480547612034,0.011875694728141595,0.18502332386444603,0.7817247308967574,0.014725861462895578,0.0,4,3,Grupo 4
19807,Cauca,Timbío,5107.4400000000005,17,0.8598123521764328,0.0489482010557148,0.05364722835706342,0.8061651238193694,0.06265369735131494,0.012334946666040129,4,3,Grupo 4
19809,Cauca,Timbiquí,5180.0,10,0.9523166023166023,0.008301158301158301,0.8397683397683398,0.11254826254826254,0.039382239382239385,0.0,1,1,Grupo 1
19821,Cauca,Toribío,2243.1000000000004,13,0.9886318041995453,0.0,0.04317239534572689,0.9423387276536935,0.0,0.009584949400383397,4,3,Grupo 4
19824,Cauca,Totoró,3248.7,20,0.42469295410471886,0.010773540185304891,0.02216271123834149,0.40253024286637734,0.5035860498045373,0.03663003663003663,3,3,Grupo 3
19845,Cauca,Villa Rica,5540.3,17,0.973864231178817,0.013717668718300453,0.04088226269335595,0.932981968485461,0.0010829738461816147,0.0089886829233074,4,3,Grupo 4
20001,Cesar,Valledupar,15692.32,25,0.5841915025948999,0.3842644044985063,0.09616232653935174,0.2898430569858376,0.019627435586325032,0.005225486097657963,2,4,Grupo 2
20011,Cesar,Aguachica,7174.88,11,0.526403229043552,0.2701090471199518,0.048781303659434026,0.15566532123185337,0.10871261958388154,0.0006968757665633432,2,4,Grupo 2
20013,Cesar,Agustín Codazzi,22059.96,20,0.7907974447823115,0.07978255626936767,0.03917640829811114,0.2921460419692511,0.040797898092290286,0.002946514862220965,4,3,Grupo 4
20032,Cesar,Astrea,3277.86,14,0.1592075317432715,0.5979511022435369,0.0676844038488526,0.0,0.167792401139768,0.05491387673665135,2,4,Grupo 2
20045,Cesar,Becerril,8333.08,17,0.7489523681519917,0.12180370283256611,0.15330466046167804,0.06154747104311971,0.05280160516879713,0.009000273608317693,4,4,Grupo 4
20060,Cesar,Bosconia,5390.0,10,0.6105751391465677,0.33766233766233766,0.00037105751391465676,0.0,0.02170686456400742,0.0287569573283859,2,4,Grupo 2
20175,Cesar,Chimichagua,4929.4,17,0.5698259423053517,0.07911713393110724,0.4149267659350023,0.028514626526554957,0.23795999513125332,0.08702884732421796,1,1,Grupo 1
20178,Cesar,Chiriguaná,6321.91,19,0.7219194831941612,0.1464747204563178,0.06778014872087708,0.09861102103636403,0.1183186726796174,0.008541722359223717,4,4,Grupo 4
20228,Cesar,Curumaní,5258.32,11,0.7293812472424652,0.12513502411416574,0.22668837195149782,0.10332577705426828,0.12361362564469261,0.0,1,4,Grupo 1
20238,Cesar,El Copey,23668.819999999996,18,0.8550836078858178,0.055347076871597324,0.03100196798995472,0.05513751847367128,0.06421950904185339,0.021969832040634053,4,4,Grupo 4
20250,Cesar,El Paso,2242.0,9,0.6066012488849242,0.17127564674397858,0.008920606601248885,0.0,0.026761819803746655,0.1926851025869759,2,4,Grupo 2
20295,Cesar,Gamarra,3421.0,8,0.019584916691026015,0.92955276235019,0.013446360713241743,0.0,0.04033908213972523,0.010523238819058756,2,4,Grupo 2
20310,Cesar,González,1341.62,13,0.9086924762600438,0.014907350814686724,0.01691984317466943,0.8917726330853746,0.0,0.06521965981425441,4,3,Grupo 4
20383,Cesar,La Gloria,10853.23,11,0.6844257423826824,0.2672015611942251,0.025983048364403964,0.014394793070818552,0.018427693875463804,0.006910385203298926,2,4,Grupo 2
20400,Cesar,La Jagua de Ibirico,15435.0,35,0.5255134434726272,0.3258827340459994,0.08291545189504373,0.27816650469711696,0.09122125040492388,0.00905085843861354,4,4,Grupo 4
20443,Cesar,Manaure Balcón del Cesar,3267.94,23,0.5498693366463276,0.33966351891405594,0.14148668580206492,0.4079236460889735,0.02601026946639167,0.03855639944429824,4,4,Grupo 4
20517,Cesar,Pailitas,2120.75,12,0.5963692090062478,0.3277142520334787,0.17309913945538136,0.20424378168100907,0.056583755746787694,0.019332783213485794,2,4,Grupo 2
20550,Cesar,Pelaya,14211.4,10,0.15279282829277904,0.7515093516472691,0.019491394232799022,0.006290724348058601,0.05629283532938346,0.0014073208832345863,2,4,Grupo 2
20570,Cesar,Pueblo Bello,13513.14,15,0.8534759500752601,0.05402149315407078,0.2082417558021304,0.6452341942731297,0.06216171814988967,0.008880245449984238,4,3,Grupo 4
20614,Cesar,Río de Oro,5640.2699999999995,21,0.5145622461336071,0.1850975219271418,0.1794240346650072,0.08869610851962761,0.17552351217228965,0.0874071631322614,2,4,Grupo 2
20621,Cesar,La Paz,21463.57,25,0.5492362174605623,0.12113548678062411,0.1830077661824198,0.28329723340525365,0.07361310350514849,0.18379980590367773,4,4,Grupo 4
20710,Cesar,San Alberto,17322.57,15,0.9720018449918228,0.015644329911785607,0.013086972660523236,0.02978022314240901,0.004271883444546623,0.006754194094756148,4,3,Grupo 4
20750,Cesar,San Diego,4014.45,14,0.25543972399706066,0.6362017212818692,0.1032395471359713,0.07622463849344244,0.04359252201422362,0.014946007547733812,2,4,Grupo 2
20770,Cesar,San Martín,12551.07,11,0.8688558027323566,0.12716047317081333,0.020077969448023158,0.0297241589760873,0.000956093783239198,0.0030276303135907934,4,4,Grupo 4
20787,Cesar,Tamalameque,6956.9,13,0.5338440972272133,0.2989837427589875,0.0410958904109589,0.0,0.08049562305049664,0.0787707168422717,2,4,Grupo 2
23001,Córdoba,Montería,18352.0,21,0.3017654751525719,0.4895924149956408,0.1753487358326068,0.006320836965998256,0.16810156931124673,0.033674803836094155,2,4,Grupo 2
23068,Córdoba,Ayapel,4560.0,6,0.5701754385964912,0.39473684210526316,0.5701754385964912,0.0,0.021929824561403508,0.013157894736842105,1,4,Grupo 1
23079,Córdoba,Buenavista,1635.0,11,0.345565749235474,0.5045871559633027,0.12538226299694188,0.0,0.10091743119266056,0.04892966360856269,2,4,Grupo 2
23090,Córdoba,Canalete,8935.0,13,0.41510912143256856,0.3330721880246223,0.40559597090095134,0.009513150531617236,0.208505875769446,0.032120872971460546,2,4,Grupo 2
23162,Córdoba,Cereté,8984.0,15,0.04452359750667854,0.7816117542297417,0.04452359750667854,0.08904719501335707,0.0701246660730187,0.012132680320569902,2,4,Grupo 2
23168,Córdoba,Chimá,4440.0,12,0.007432432432432433,0.55990990990991,0.006531531531531532,0.13423423423423422,0.03626126126126126,0.11486486486486487,2,4,Grupo 2
23182,Córdoba,Chinú,6330.0,11,0.09589257503949447,0.3127962085308057,0.08830963665086888,0.007582938388625593,0.5371248025276462,0.01864139020537125,2,2,Grupo 2
23189,Córdoba,Ciénaga de Oro,17589.0,17,0.020040934675081015,0.6282335550628233,0.01415657513218489,0.03999658877707658,0.3078628688384786,0.0005969640115981579,2,4,Grupo 2
23300,Córdoba,Cotorra,5145.5,9,0.017102322417646487,0.8238266446409483,0.017102322417646487,0.05499951413856768,0.01185501894859586,0.0002915168593917015,2,4,Grupo 2
23350,Córdoba,La Apartada,596.66,13,0.028760097878188586,0.22374551670968393,0.028760097878188586,0.0,0.023463949317869475,0.7072704722957799,3,2,Grupo 3
23417,Córdoba,Lorica,15957.0,12,0.3741304756533183,0.3785172651500909,0.3065739174030206,0.018800526414739612,0.19427210628564268,0.012345679012345678,2,4,Grupo 2
23419,Córdoba,Los Córdobas,5864.0,13,0.8707366984993179,0.06582537517053207,0.8565825375170532,0.014154160982264666,0.059686221009549796,0.002557980900409277,1,1,Grupo 1
23464,Córdoba,Momil,1261.25,14,0.1861248761149653,0.39643211100099107,0.0846382556987116,0.0023785926660059467,0.3651139742319128,0.05232903865213082,2,2,Grupo 2
23466,Córdoba,Montelíbano,4594.5,8,0.17662422461638916,0.6971378822505169,0.04897159647404505,0.1276526281423441,0.10447273914462944,0.02176515398846447,2,4,Grupo 2
23500,Córdoba,Moñitos,11807.0,14,0.7825019056491912,0.04082324045058017,0.7823325146099771,0.0,0.16981451681206064,0.005928686372490896,1,1,Grupo 1
23555,Córdoba,Planeta Rica,9758.8,13,0.09922326515555191,0.4831536664343977,0.09821904332499898,0.001004221830552937,0.40855433045046524,0.007531663729147027,2,4,Grupo 2
23570,Córdoba,Pueblo Nuevo,6615.4,18,0.11267648214771595,0.7149983372131693,0.08282190041418508,0.0,0.12017413912990901,0.0223720409952535,2,4,Grupo 2
23574,Córdoba,Puerto Escondido,4831.0,7,0.6522459118194991,0.1987166218174291,0.6067066859863383,0.0,0.14903746636307183,0.0,1,1,Grupo 1
23580,Córdoba,Puerto Libertador,3097.0,13,0.29770745883112687,0.5030674846625767,0.14691637068130448,0.11624152405553762,0.19373587342589602,0.005489183080400388,2,4,Grupo 2
23586,Córdoba,Purísima de La Concepción,791.0,7,0.13653603034134007,0.28192161820480405,0.13653603034134007,0.0,0.41719342604298354,0.16434892541087232,3,2,Grupo 3
23660,Córdoba,Sahagún,7793.0,8,0.06608494803028359,0.5395868086744514,0.0,0.06608494803028359,0.3605800076992172,0.01796484024124214,2,4,Grupo 2
23670,Córdoba,San Andrés de Sotavento,2132.1,8,0.0005159232681393931,0.5768960180104123,0.0005159232681393931,0.0,0.3986679799258947,0.0028141269171239624,2,2,Grupo 2
23672,Córdoba,San Antero,1801.7,26,0.448987067769329,0.13154243214741632,0.448987067769329,0.0,0.3416218016317922,0.060642726314036735,1,2,Grupo 1
23675,Córdoba,San Bernardo del Viento,4996.0,10,0.35828662930344274,0.6016813450760609,0.35828662930344274,0.0,0.004403522818254604,0.032025620496397116,2,4,Grupo 2
23678,Córdoba,San Carlos,4162.0,14,0.27582892839980777,0.6295050456511293,0.26862085535800095,0.03652090341182124,0.060067275348390195,0.0028832292167227293,2,4,Grupo 2
23682,Córdoba,San José de Uré,1018.0,15,0.45972495088408644,0.412573673870334,0.3605108055009823,0.09921414538310412,0.12770137524557956,0.0,2,4,Grupo 2
23686,Córdoba,San Pelayo,5083.0,11,0.049773755656108594,0.639779657682471,0.049773755656108594,0.11804052724768838,0.17312610662994296,0.0027542789691127286,2,4,Grupo 2
23807,Córdoba,Tierralta,24518.0,10,0.33762949669630477,0.5000407863610409,0.19124724692062975,0.08548821274165919,0.16232971694265438,0.0,2,4,Grupo 2
23815,Córdoba,Tuchín,2745.5,6,0.0509925332362047,0.437078856310326,0.0364232380258605,0.0145692952103442,0.509925332362047,0.0020032780914223274,2,2,Grupo 2
23855,Córdoba,Valencia,9566.5,13,0.34181780170386244,0.6081639052945174,0.2234882140803847,0.11832958762347776,0.036272408926984794,0.013223226885485809,2,4,Grupo 2
25001,Cundinamarca,Agua de Dios,266.42,18,0.98310937617296,0.01689062382704001,0.8975302154492906,0.08557916072366939,0.0,0.0,1,1,Grupo 1
25019,Cundinamarca,Albán,845.39,15,0.9219295236518057,0.02247483410023776,0.4767148889861484,0.44521463466565725,0.03075503613716746,0.0,1,1,Grupo 1
25035,Cundinamarca,Anapoima,2945.53,13,0.9643527650371918,0.025462310687720036,0.8377100216259892,0.1266427434112027,0.010184924275088015,0.0,1,1,Grupo 1
25040,Cundinamarca,Anolaima,1537.06,13,0.9456755103899652,0.00943359400413777,0.49614198534865267,0.44953352504131266,0.0,0.0058553342094648225,1,1,Grupo 1
25053,Cundinamarca,Arbeláez,1260.8600000000001,24,0.7612740510445251,0.0,0.4176752375362847,0.3435988135082404,0.042827911108291164,0.06820741398727852,1,3,Grupo 1
25086,Cundinamarca,Beltrán,441.38,12,0.8232815261226154,0.06343740087906112,0.39421813403416556,0.42906339208844985,0.01812497167973175,0.09515610131859169,1,3,Grupo 1
25095,Cundinamarca,Bituima,1454.8600000000001,14,0.9735369726296689,0.006186162242415077,0.44196692465254384,0.5301953452565882,0.0020620540808050257,0.007904540643085932,1,3,Grupo 1
25099,Cundinamarca,Bojacá,1898.0,8,0.030558482613277135,0.11591148577449947,0.02528977871443625,0.0,0.3530031612223393,0.26343519494204426,3,2,Grupo 3
25120,Cundinamarca,Cabrera,8195.43,16,0.37019778095841216,0.21963460123507858,0.36781474553501153,0.0023830354234006027,0.017692787321714663,0.04472004519592016,1,4,Grupo 1
25123,Cundinamarca,Cachipay,2806.9,13,0.9850368734190744,0.010687947557803983,0.6877551747479426,0.18327692472122273,0.0,0.0021375895115607964,1,1,Grupo 1
25126,Cundinamarca,Cajicá,294.05,19,0.018024145553477297,0.13742560788981467,0.018024145553477297,0.0,0.20241455534772995,0.5944907328685598,3,2,Grupo 3
25148,Cundinamarca,Caparrapí,12425.57,15,0.9825279645118897,0.006840732457344009,0.0864708822210973,0.8960570822907924,0.008852712591856953,0.0017785904389094425,4,3,Grupo 4
25151,Cundinamarca,Cáqueza,1568.94,13,0.0624243119558428,0.20204724208701416,0.006055043532576134,0.05636926842326666,0.1892997820184328,0.3582036279271355,3,2,Grupo 3
25154,Cundinamarca,Carmen de Carupa,1523.7,9,0.0,0.02526744109732887,0.0,0.0,0.9578657215987398,0.0017720023626698169,3,2,Grupo 3
25168,Cundinamarca,Chaguaní,2044.4099999999999,9,0.9797007449582031,0.00782621881129519,0.3296794674258099,0.6500212775323931,0.00880449616270709,0.0,4,3,Grupo 4
25175,Cundinamarca,Chía,398.7,16,0.02633559066967645,0.18058690744920994,0.02633559066967645,0.0,0.32605969400551793,0.34988713318284426,3,2,Grupo 3
25178,Cundinamarca,Chipaque,405.0,14,0.06172839506172839,0.024691358024691357,0.06172839506172839,0.0,0.2740740740740741,0.2740740740740741,3,2,Grupo 3
25181,Cundinamarca,Choachí,401.53999999999996,15,0.15076953728146636,0.024904119141305973,0.07471235742391792,0.07605717985754844,0.32375354883697766,0.42835084923046274,3,2,Grupo 3
25183,Cundinamarca,Chocontá,2610.0,7,0.05823754789272031,0.0,0.05823754789272031,0.0,0.8689655172413793,0.013409961685823755,3,2,Grupo 3
25200,Cundinamarca,Cogua,795.5,8,0.04336895034569453,0.0,0.04336895034569453,0.0,0.8799497171590195,0.06033940917661848,3,2,Grupo 3
25214,Cundinamarca,Cota,895.64,14,0.0,0.18673797507927292,0.0,0.0,0.17958108168460543,0.5999620383189674,3,2,Grupo 3
25224,Cundinamarca,Cucunubá,389.75,11,0.007055805003207184,0.0,0.007055805003207184,0.0,0.900577293136626,0.07440667094291212,3,2,Grupo 3
25245,Cundinamarca,El Colegio,2987.05,13,0.9723807770208065,0.014060695334862153,0.6531862539964178,0.3191945230243886,0.0006695569207077216,0.0,1,1,Grupo 1
25258,Cundinamarca,El Peñón,1818.58,10,0.9340144508352671,0.01649638729118323,0.34350977136007216,0.590504679475195,0.049489161873549695,0.0,4,3,Grupo 4
25260,Cundinamarca,El Rosal,716.0,10,0.08379888268156424,0.09497206703910614,0.08379888268156424,0.0,0.5865921787709497,0.11871508379888268,3,2,Grupo 3
25269,Cundinamarca,Facatativá,2363.2,12,0.20531482735274206,0.09224779959377116,0.20531482735274206,0.0,0.3990352064996615,0.08716993906567366,3,2,Grupo 3
25279,Cundinamarca,Fómeque,765.17,7,0.22631572068951997,0.0,0.02613798240913784,0.20017773828038213,0.03790007449324987,0.6560633584693598,3,2,Grupo 3
25281,Cundinamarca,Fosca,2481.02,11,0.06852826660002741,0.0,0.02599737204859292,0.042530894551434495,0.3506622276321835,0.07698446606637592,3,2,Grupo 3
25286,Cundinamarca,Funza,1566.0,8,0.027458492975734355,0.23435504469987228,0.027458492975734355,0.0,0.33524904214559387,0.30268199233716475,3,2,Grupo 3
25288,Cundinamarca,Fúquene,547.0,9,0.02376599634369287,0.05301645338208409,0.02376599634369287,0.0,0.603290676416819,0.2742230347349177,3,2,Grupo 3
25290,Cundinamarca,Fusagasugá,1807.8400000000001,21,0.589012301973626,0.04425170369059209,0.2682759536242145,0.32073634834941145,0.007190901849721214,0.1521152314364103,4,3,Grupo 4
25293,Cundinamarca,Gachalá,639.6,12,0.4809255784865541,0.31269543464665417,0.037523452157598496,0.4434021263289556,0.015634771732332707,0.06253908692933083,2,4,Grupo 2
25295,Cundinamarca,Gachancipá,36.63,8,0.23559923559923557,0.1092001092001092,0.23559923559923557,0.0,0.4368004368004368,0.0,3,2,Grupo 3
25297,Cundinamarca,Gachetá,709.7,12,0.6554882344652669,0.18458503593067493,0.14794983795970126,0.5075383965055656,0.016908552909680144,0.01197689164435677,4,3,Grupo 4
25299,Cundinamarca,Gama,586.61,11,0.40335146008421263,0.3068478205281192,0.16007227970883553,0.24327918037537713,0.025570651710676597,0.0,2,4,Grupo 2
25307,Cundinamarca,Girardot,167.7,8,0.7006559332140728,0.09540846750149076,0.7006559332140728,0.0,0.0,0.10852713178294573,1,1,Grupo 1
25312,Cundinamarca,Granada,932.2,25,0.3241793606522205,0.06436387041407422,0.2807337481227204,0.0,0.2220553529285561,0.25960094400343275,3,2,Grupo 3
25317,Cundinamarca,Guachetá,981.5,17,0.05043301069791136,0.013245033112582781,0.05043301069791136,0.0,0.6011207335710647,0.272032603158431,3,2,Grupo 3
25320,Cundinamarca,Guaduas,4203.15,19,0.7977707195793632,0.06661670413856276,0.3385556071041957,0.44517802124597033,0.09516672019794678,0.015464592032166352,4,3,Grupo 4
25322,Cundinamarca,Guasca,505.0,5,0.20594059405940593,0.0,0.20594059405940593,0.0,0.6396039603960396,0.12673267326732673,3,2,Grupo 3
25324,Cundinamarca,Guataquí,933.0,4,0.21543408360128619,0.7717041800643086,0.21543408360128619,0.0,0.0,0.012861736334405145,2,4,Grupo 2
25326,Cundinamarca,Guatavita,3073.5,5,0.006832601268911664,0.0,0.006832601268911664,0.0,0.9581909874735643,0.025215552301935902,3,2,Grupo 3
25328,Cundinamarca,Guayabal de Síquima,1090.34,10,0.8963626024909661,0.035768659317277185,0.1600418218170479,0.7363207806739183,0.006420015774895905,0.0,4,3,Grupo 4
25335,Cundinamarca,Guayabetal,1021.02,9,0.4975612622671446,0.024485318602965662,0.10381775087657441,0.3937435113905702,0.029382382323558796,0.03917650976474506,4,3,Grupo 4
25339,Cundinamarca,Gutiérrez,5901.67,15,0.04196608756504515,0.23722098999096866,0.008726343560382061,0.03323974400466309,0.03422759998441119,0.0030499841570267396,2,4,Grupo 2
25368,Cundinamarca,Jerusalén,1863.6299999999999,11,0.5278032656696877,0.41585507852953646,0.4359449032264988,0.09185836244318883,0.0026829359905131385,0.05365871981026277,1,4,Grupo 1
25372,Cundinamarca,Junín,2266.75,18,0.32855409727583545,0.5735083268997463,0.2543288849674644,0.07422521230837102,0.05867431344435867,0.0,2,4,Grupo 2
25377,Cundinamarca,La Calera,2754.98,10,0.01804005836702989,0.015971077829966096,0.01804005836702989,0.0,0.851185852528875,0.11216052385135282,3,2,Grupo 3
25386,Cundinamarca,La Mesa,5087.16,17,0.9877141666470093,0.0025554533374220587,0.8469362080217646,0.14077795862524473,0.004717760007548416,0.004324613340252715,1,1,Grupo 1
25394,Cundinamarca,La Palma,3567.92,11,0.654840915715599,0.0347541424695621,0.08862306329738334,0.5662178524182157,0.2903652548263414,0.006166057534922308,4,3,Grupo 4
25398,Cundinamarca,La Peña,5252.530000000001,10,0.9733461779371084,0.004759611082659213,0.0525575294191561,0.9207886485179523,0.013326911031445798,0.0,4,3,Grupo 4
25402,Cundinamarca,La Vega,1324.1399999999999,10,0.9879166855468455,0.0030208286132886253,0.3290815170601296,0.658835168486716,0.007552071533221564,0.0015104143066443127,4,3,Grupo 4
25407,Cundinamarca,Lenguazaque,1152.0,5,0.008680555555555556,0.0,0.008680555555555556,0.0,0.9201388888888888,0.03819444444444445,3,2,Grupo 3
25426,Cundinamarca,Machetá,954.58,18,0.24532255023151542,0.0,0.07626390663956922,0.1690586435919462,0.4644974753294642,0.24827672903266357,3,2,Grupo 3
25430,Cundinamarca,Madrid,3490.42,8,0.015018249952727752,0.17762905323714626,0.004171417766343306,0.0,0.3311922347453888,0.30827235690833765,3,2,Grupo 3
25436,Cundinamarca,Manta,736.44,21,0.4235782955841616,0.04888381945576014,0.12560425832382813,0.29797403726033345,0.2172614198033784,0.21658247786649285,3,2,Grupo 3
25438,Cundinamarca,Medina,700.3199999999999,19,0.6787183002056203,0.08638907927804433,0.2599383139136395,0.4187799862919808,0.2313228238519534,0.0021418779986291984,4,3,Grupo 4
25473,Cundinamarca,Mosquera,3672.3,20,0.008250959888897966,0.09449119080685128,0.008250959888897966,0.0,0.13070827546769054,0.7447648612586117,3,2,Grupo 3
25483,Cundinamarca,Nariño,513.5,5,0.3047711781888997,0.5842259006815969,0.3047711781888997,0.0,0.0,0.11100292112950341,2,4,Grupo 2
25486,Cundinamarca,Nemocón,151.0,7,0.18543046357615894,0.09271523178807947,0.18543046357615894,0.0,0.40397350993377484,0.19205298013245034,3,2,Grupo 3
25488,Cundinamarca,Nilo,888.13,9,0.983110580658237,0.01688941934176303,0.16946843367525025,0.8136421469829868,0.0,0.0,4,3,Grupo 4
25489,Cundinamarca,Nimaima,1710.6,11,0.9783701625160762,0.00409213141587747,0.04910557699052964,0.9292645855255466,0.0116918040453642,0.0023383608090728402,4,3,Grupo 4
25491,Cundinamarca,Nocaima,2255.1800000000003,11,0.9923731143412055,0.002660541508881774,0.08722141913284082,0.9051516952083647,0.001330270754440887,0.0009755318865899839,4,3,Grupo 4
25506,Cundinamarca,Venecia,1744.17,13,0.5837561705567691,0.01089343355292202,0.38516887688700063,0.19858729366976843,0.0,0.0544671677646101,1,1,Grupo 1
25513,Cundinamarca,Pacho,3626.92,17,0.5588543447332723,0.06617184829000915,0.2801302482547175,0.27734551630584625,0.25200445557111817,0.09650061208959668,1,3,Grupo 1
25518,Cundinamarca,Paime,2071.27,10,0.933374210025733,0.022208596658088997,0.21532682846755855,0.7180473815581745,0.03862364636189391,0.0,4,3,Grupo 4
25524,Cundinamarca,Pandi,2117.82,25,0.7223560075927132,0.005666203926679321,0.6307948739741809,0.09156113361853226,0.0,0.03258067257840609,1,1,Grupo 1
25530,Cundinamarca,Paratebueno,6362.66,15,0.8458192014031867,0.14097877302889045,0.022102391138297504,0.024679929463463396,0.01320202556792285,0.0,4,4,Grupo 4
25535,Cundinamarca,Pasca,3358.11,20,0.23037065492196504,0.0055090512222649045,0.22527552700775139,0.00509512791421365,0.5955731051097194,0.08606031368835446,3,2,Grupo 3
25572,Cundinamarca,Puerto Salgar,1006.0,8,0.9701789264413518,0.009940357852882704,0.7862823061630219,0.061630218687872766,0.019880715705765408,0.0,1,1,Grupo 1
25580,Cundinamarca,Pulí,1262.03,18,0.9469109292172135,0.02694072248678716,0.33477809560786986,0.6121328336093437,0.006338993526302862,0.006338993526302862,4,3,Grupo 4
25592,Cundinamarca,Quebradanegra,3503.11,11,0.9597500506692624,0.019982244348593105,0.038251724895878234,0.9214983257733842,0.007992897739437243,0.0,4,3,Grupo 4
25594,Cundinamarca,Quetame,876.62,15,0.3919828431931738,0.03650384431110401,0.12502566676553123,0.26695717642764255,0.15856357372635804,0.12205972941525405,3,2,Grupo 3
25596,Cundinamarca,Quipile,5301.18,24,0.9004938523121268,0.06413666391256286,0.2978959401491743,0.6001456279545309,9.431862340082773e-05,0.003961382182834765,4,3,Grupo 4
25599,Cundinamarca,Apulo,2641.5,12,0.9515426840810146,0.007950028392958546,0.8941889078175279,0.05735377626348666,0.030285822449365892,0.010221465076660987,1,1,Grupo 1
25612,Cundinamarca,Ricaurte,194.06,13,0.4522312686797898,0.3524683087704834,0.4522312686797898,0.05977532721838606,0.0,0.0,1,4,Grupo 1
25645,Cundinamarca,San Antonio del Tequendama,503.42,10,0.9920543482579158,0.0,0.28902308211831074,0.6533709427515793,0.0,0.007945651742084144,4,3,Grupo 4
25649,Cundinamarca,San Bernardo,5113.58,21,0.9768850785555325,0.0010755674106985712,0.9341791856194682,0.04270589293606436,0.006160067897637272,0.0043413811850015055,1,1,Grupo 1
25653,Cundinamarca,San Cayetano,3478.65,16,0.5647736909433257,0.0021560087965158898,0.23689937188277063,0.3278743190605551,0.4235838615554885,0.005461888951173588,4,3,Grupo 4
25658,Cundinamarca,San Francisco,783.81,10,0.980352381316901,0.006379096975032215,0.4238527194090405,0.5564996619078604,0.010206555160051544,0.0,1,3,Grupo 1
25662,Cundinamarca,San Juan de Rioseco,4818.34,23,0.9561052146589905,0.024489762034227557,0.5774810411884591,0.3786241734705313,0.0018678632060004068,0.013386352976336249,1,1,Grupo 1
25718,Cundinamarca,Sasaima,2603.3,12,0.9800253524372912,0.003841278377444013,0.48208043636922365,0.4979449160680674,0.003841278377444013,0.010755579456843236,1,3,Grupo 1
25736,Cundinamarca,Sesquilé,2160.4,7,0.00814663951120163,0.01573782632845769,0.00814663951120163,0.0,0.9627846695056471,0.003703017959637104,3,2,Grupo 3
25740,Cundinamarca,Sibaté,3582.9,12,0.12417315582349492,0.02372379915710737,0.12417315582349492,0.0,0.7613944011833989,0.06307739540595607,3,2,Grupo 3
25743,Cundinamarca,Silvania,2359.5,18,0.5730027548209367,0.08476372112735749,0.3939351557533376,0.17906759906759906,0.0,0.114642932824751,1,1,Grupo 1
25745,Cundinamarca,Simijaca,1136.5,11,0.002199736031676199,0.5719313682358117,0.002199736031676199,0.0,0.07919049714034315,0.16630004399472062,2,2,Grupo 2
25754,Cundinamarca,Soacha,1413.69,15,0.14065318422001993,0.004456422553742334,0.14065318422001993,0.0,0.6263749478315613,0.04622654188683516,3,2,Grupo 3
25758,Cundinamarca,Sopó,442.0,15,0.12669683257918551,0.042986425339366516,0.09276018099547512,0.0,0.41855203619909503,0.38009049773755654,3,2,Grupo 3
25769,Cundinamarca,Subachoque,1287.0,8,0.052059052059052056,0.12043512043512043,0.052059052059052056,0.0,0.5944055944055944,0.1592851592851593,3,2,Grupo 3
25772,Cundinamarca,Suesca,1607.0,9,0.023646546359676415,0.012445550715619166,0.023646546359676415,0.0,0.955818294959552,0.006222775357809583,3,2,Grupo 3
25777,Cundinamarca,Supatá,1430.23,10,0.9482600700586619,0.017479706061262874,0.29191109122309,0.6563489788355719,0.0,0.013284576606559784,4,3,Grupo 4
25779,Cundinamarca,Susa,487.0,7,0.018480492813141684,0.03285420944558522,0.018480492813141684,0.0,0.6529774127310062,0.13141683778234087,3,2,Grupo 3
25781,Cundinamarca,Sutatausa,209.0,5,0.028708133971291867,0.05263157894736842,0.028708133971291867,0.0,0.6698564593301436,0.0,3,2,Grupo 3
25785,Cundinamarca,Tabio,375.15,8,0.02065840330534453,0.04078368652538985,0.02065840330534453,0.0,0.5571104891376782,0.32680261228841795,3,2,Grupo 3
25793,Cundinamarca,Tausa,15875.0,5,0.007622047244094488,0.0,0.007622047244094488,0.0,0.9505511811023623,0.022299212598425197,3,2,Grupo 3
25797,Cundinamarca,Tena,729.3199999999999,12,0.9149893051061262,0.05621674984917458,0.4229967641090331,0.4248066692261285,0.0,0.0,1,3,Grupo 1
25799,Cundinamarca,Tenjo,3158.6,19,0.009054644462736657,0.3355917178496802,0.009054644462736657,0.0,0.3324257582473248,0.26366111568416384,3,2,Grupo 3
25805,Cundinamarca,Tibacuy,1094.49,16,0.9259929282131404,0.046597045199133845,0.3668375224990635,0.5582417381611526,0.0,0.013705013293862894,4,3,Grupo 4
25807,Cundinamarca,Tibirita,745.98,18,0.289525188342851,0.013405185125606584,0.050135392369768626,0.2393897959730824,0.6099359232150996,0.00938362958792461,3,2,Grupo 3
25815,Cundinamarca,Tocaima,2737.52,15,0.9693152926736608,0.0164382360676817,0.7408165054501885,0.22849878722347233,0.005114117887723195,0.009132353370934276,1,1,Grupo 1
25817,Cundinamarca,Tocancipá,167.9,9,0.09827278141751042,0.11911852293031566,0.0357355568790947,0.0,0.357355568790947,0.42525312686122696,3,2,Grupo 3
25823,Cundinamarca,Topaipí,1139.99,11,0.9456135580136668,0.023684418284370914,0.1930718690514829,0.7525416889621839,0.02193001692997307,0.0,4,3,Grupo 4
25839,Cundinamarca,Ubalá,654.44,13,0.5026282012101949,0.1757227553328036,0.07716520995049202,0.42546299125970294,0.033616527107145036,0.03972862294480777,4,4,Grupo 4
25841,Cundinamarca,Ubaque,3057.83,20,0.07712331947819205,0.041859750215021765,0.009810878956645726,0.029377041889182852,0.3522105545435816,0.2904020171167135,3,2,Grupo 3
25843,Cundinamarca,Villa de San Diego de Ubaté,1153.1200000000001,16,0.04433189954211183,0.04943110864437352,0.04433189954211183,0.0,0.862876370195643,0.026016372970722904,3,2,Grupo 3
25845,Cundinamarca,Une,4686.5,18,0.0048010242184999465,0.08727195134962125,0.0048010242184999465,0.0,0.591699562573349,0.3049183825882855,3,2,Grupo 3
25851,Cundinamarca,Útica,3017.0,5,0.9923765329797812,0.007623467020218761,0.006794829300629765,0.9855817036791514,0.0,0.0,4,3,Grupo 4
25862,Cundinamarca,Vergara,2983.74,11,0.9540844711670587,0.015752042738308297,0.1174700208463204,0.8366144503207384,0.020108990729755274,0.0016757492274796061,4,3,Grupo 4
25867,Cundinamarca,Vianí,2424.83,18,0.981854398040275,0.002062000222696024,0.3275487353752634,0.6543056626650116,0.0014434001558872168,0.007010800757166482,4,3,Grupo 4
25871,Cundinamarca,Villagómez,368.64,14,0.8697916666666666,0.05967881944444445,0.20985243055555555,0.6599392361111112,0.048828125,0.0,4,3,Grupo 4
25873,Cundinamarca,Villapinzón,17424.7,7,0.00807474447192778,0.004304234793138476,0.00807474447192778,0.0,0.9799307879045263,0.0013773551338043123,3,2,Grupo 3
25875,Cundinamarca,Villeta,2183.32,15,0.9791601780774234,0.012824505798508691,0.11862667863620541,0.8605334994412178,0.005038198706556986,0.0011450451605811332,4,3,Grupo 4
25878,Cundinamarca,Viotá,4956.17,12,0.9965699320241235,0.0010088435223166276,0.41534087813775555,0.5812290538863679,0.0024212244535599062,0.0,4,3,Grupo 4
25885,Cundinamarca,Yacopí,7544.13,12,0.8853413183494983,0.10007780883945532,0.16949601875895565,0.7158452995905427,0.008085756740671224,0.002253407616252636,4,3,Grupo 4
25898,Cundinamarca,Zipacón,948.48,15,0.2725202429149798,0.04744433198380567,0.12472587719298245,0.09507844129554656,0.4533569500674764,0.15287618083670715,3,2,Grupo 3
25899,Cundinamarca,Zipaquirá,2572.8,7,0.013526119402985072,0.009717039800995024,0.013526119402985072,0.0,0.9483830845771144,0.007773631840796019,3,2,Grupo 3
27001,Chocó,Quibdó,5781.0,13,0.961771319840858,0.024217263449230236,0.7362048088565992,0.22297180418612697,0.01401141670991178,0.0,1,1,Grupo 1
27006,Chocó,Acandí,1897.0,8,0.21929362150764364,0.6246705324196099,0.19346336320506063,0.025830258302583026,0.14760147601476015,0.008434370057986295,2,4,Grupo 2
27025,Chocó,Alto Baudó,3616.0,12,0.9092920353982301,0.08766592920353983,0.5271017699115044,0.3821902654867257,0.0030420353982300885,0.0,1,1,Grupo 1
27050,Chocó,Atrato,1663.5,14,0.9206492335437331,0.007213706041478809,0.5731890592125037,0.06492335437330929,0.0721370604147881,0.0,1,1,Grupo 1
27073,Chocó,Bagadó,803.0,8,0.684931506849315,0.29265255292652553,0.34869240348692404,0.33623910336239105,0.0224159402241594,0.0,1,3,Grupo 1
27075,Chocó,Bahía Solano,461.0,10,0.5054229934924078,0.16919739696312364,0.45336225596529284,0.052060737527114966,0.32537960954446854,0.0,1,2,Grupo 1
27077,Chocó,Bajo Baudó,5954.0,10,0.539805172992946,0.39973127309371853,0.45935505542492444,0.08045011756802149,0.06046355391333557,0.0,2,4,Grupo 2
27099,Chocó,Bojayá,1393.0,12,0.7638190954773869,0.135678391959799,0.46087580760947594,0.2799712849964106,0.12347451543431442,0.0,1,1,Grupo 1
27135,Chocó,El Cantón del San Pablo,334.5,6,0.8445440956651719,0.0,0.554559043348281,0.28998505231689087,0.1554559043348281,0.0,1,1,Grupo 1
27150,Chocó,Carmen del Darién,18300.5,9,0.7544875823064944,0.09797546515122538,0.6666757738859594,0.08480642605393296,0.14753695254228028,0.0,1,1,Grupo 1
27160,Chocó,Cértegui,428.7,20,0.8378819687427105,0.0489853044086774,0.648938651737812,0.18894331700489853,0.11313272684861209,0.0,1,1,Grupo 1
27205,Chocó,Condoto,303.7,11,0.8386565689825486,0.03621995390187685,0.6144221270991109,0.22423444188343758,0.1251234771155746,0.0,1,1,Grupo 1
27245,Chocó,El Carmen de Atrato,578.51,15,0.7666418903735458,0.06568598641337228,0.4477018547648269,0.3189400356087189,0.0,0.12272907987761664,1,1,Grupo 1
27250,Chocó,El Litoral del San Juan,1079.5,10,0.8452987494210282,0.030569708198239925,0.650764242704956,0.19453450671607225,0.12413154238073182,0.0,1,1,Grupo 1
27361,Chocó,Istmina,2863.0,11,0.5599022004889975,0.2357666783094656,0.39399231575270693,0.1659098847362906,0.20433112120153685,0.0,1,4,Grupo 1
27372,Chocó,Juradó,1326.0,21,0.8250377073906485,0.11312217194570136,0.7413273001508296,0.07541478129713423,0.06184012066365008,0.0,1,1,Grupo 1
27413,Chocó,Lloró,731.0,9,0.7264021887824897,0.18467852257181944,0.493844049247606,0.23255813953488372,0.08891928864569083,0.0,1,1,Grupo 1
27425,Chocó,Medio Atrato,3535.0,14,0.8192362093352192,0.12616690240452616,0.6483734087694484,0.17086280056577086,0.0545968882602546,0.0,1,1,Grupo 1
27430,Chocó,Medio Baudó,2849.7,12,0.8306839316419272,0.15089307646418923,0.5552093202793277,0.26810541460504617,0.018422991893883568,0.0,1,1,Grupo 1
27450,Chocó,Medio San Juan,1089.0,10,0.7860422405876951,0.16620752984389348,0.4288337924701561,0.26078971533516987,0.047750229568411386,0.0,1,1,Grupo 1
27491,Chocó,Nóvita,3829.0,13,0.8106555236354139,0.0632018803865239,0.6278401671454688,0.18281535648994515,0.12614259597806216,0.0,1,1,Grupo 1
27493,Chocó,Nuevo Belén de Bajirá *,14659.0,20,0.3852240944129886,0.2964049389453578,0.2457875707756327,0.02653659867658094,0.3164608772767583,0.0013643495463537757,2,4,Grupo 2
27495,Chocó,Nuquí,2349.3,13,0.7440514195717873,0.19069510066828416,0.7006342314732047,0.043417188098582554,0.06342314732047843,0.0,1,1,Grupo 1
27580,Chocó,Río Iró,953.5,15,0.7608809648662821,0.09648662821185107,0.6098584163607761,0.1426324069218668,0.1426324069218668,0.0,1,1,Grupo 1
27600,Chocó,Río Quito,1816.3,23,0.8152838187524087,0.07818091724935308,0.6786048560259869,0.11383031437537852,0.10185542036007268,0.004679843638165502,1,1,Grupo 1
27615,Chocó,Riosucio,21700.0,12,0.3184331797235023,0.639815668202765,0.27336405529953917,0.03470046082949309,0.04175115207373272,0.0,2,4,Grupo 2
27660,Chocó,San José del Palmar,2208.0,9,0.9873188405797102,0.010869565217391304,0.7291666666666666,0.25815217391304346,0.0018115942028985507,0.0,1,1,Grupo 1
27745,Chocó,Sipí,406.1,16,0.8670278256587047,0.07387343018960847,0.5752277764097512,0.2918000492489534,0.054173848805712875,0.004924895345973897,1,1,Grupo 1
27787,Chocó,Tadó,1179.9,18,0.8254089329604204,0.09492329858462581,0.7344690227985422,0.06127637935418255,0.07797270955165692,0.0016950589032968895,1,1,Grupo 1
27800,Chocó,Unguía,3686.6,7,0.6028318776108067,0.3385233006021809,0.5270167634134433,0.07581511419736342,0.05864482178701242,0.0,1,4,Grupo 1
27810,Chocó,Unión Panamericana,340.9,10,0.8583162217659139,0.027867409797594604,0.8260486946318569,0.03226752713405691,0.11381636843649164,0.0,1,1,Grupo 1
41001,Huila,Neiva,11566.48,36,0.7837717265754145,0.10547720654857831,0.22820339463691636,0.5555683319384982,0.012968509001874382,0.023862056563448863,4,3,Grupo 4
41006,Huila,Acevedo,20384.06,27,0.9085559991483542,0.015060787693913773,0.1842473972309736,0.7243086019173806,0.05788836963784447,0.012607890675361041,4,3,Grupo 4
41013,Huila,Agrado,2694.1699999999996,34,0.878626812710408,0.03711718265736758,0.2248558925383328,0.6537709201720753,0.01336218575665233,0.056046945812625044,4,3,Grupo 4
41016,Huila,Aipe,5428.8,30,0.5482427055702918,0.39050987326849396,0.26700191570881227,0.2830828175655762,0.0046971706454465075,0.03444591806660772,4,4,Grupo 4
41020,Huila,Algeciras,11385.38,39,0.9641645689471937,0.011593815928849104,0.3227296761285087,0.6415227247575399,0.002722790104502441,0.012472135317398278,4,3,Grupo 4
41026,Huila,Altamira,1340.08,28,0.8089666288579787,0.09626290967703421,0.6852575965613993,0.12370903229657931,0.013432033908423378,0.08133842755656379,1,1,Grupo 1
41078,Huila,Baraya,3398.48,32,0.7007485699489183,0.18302299851698406,0.26350015300958074,0.4372484169393376,0.014418210494103247,0.04884536616369671,4,3,Grupo 4
41132,Huila,Campoalegre,19468.52,39,0.23093794494907674,0.708322974730488,0.08555093042511705,0.1572009582649323,0.008372490564254499,0.03464567414472184,2,4,Grupo 2
41206,Huila,Colombia,7331.4,38,0.51128024661047,0.09602531576506534,0.15081157759773034,0.3581498758763674,0.026325122077638652,0.03000791117658292,4,3,Grupo 4
41244,Huila,Elías,2151.68,31,0.849884741225461,0.05391136228435456,0.21707688875669245,0.6328078524687686,0.0297441998810232,0.021378643664485428,4,3,Grupo 4
41298,Huila,Garzón,17125.93,40,0.8216155268648184,0.14807954954855007,0.24737342731168468,0.5742420995531338,0.0013137972653163945,0.017371319396961217,4,3,Grupo 4
41306,Huila,Gigante,10677.35,38,0.8636365764913578,0.03793075997321432,0.2991744206193484,0.5644621558720094,0.025287173315476218,0.014516710607032643,4,3,Grupo 4
41319,Huila,Guadalupe,7434.84,34,0.888766940512506,0.06859596171538325,0.20651957540444718,0.6822473651080587,0.013181184800210898,0.013181184800210898,4,3,Grupo 4
41349,Huila,Hobo,2266.66,31,0.679704940308648,0.1455886634960691,0.2027300080294354,0.47697493227921256,0.06441195415280633,0.07500022058888409,4,3,Grupo 4
41357,Huila,Íquira,3986.5,20,0.9433086667502822,0.011789790543082905,0.20889251222877211,0.7344161545215101,0.010284710899285086,0.004013545716794181,4,3,Grupo 4
41359,Huila,Isnos,14190.29,31,0.8999315729276851,0.03424877151911624,0.16711215908906724,0.7328194138386178,0.014869322614266515,0.028047347869564327,4,3,Grupo 4
41378,Huila,La Argentina,4748.45,25,0.9001779528056524,0.029483305078499302,0.2887573839884594,0.6114205688171931,0.0126357021764997,0.021270098663774495,4,3,Grupo 4
41396,Huila,La Plata,20975.829999999998,41,0.7732151719383691,0.07870963866507309,0.16310915944684906,0.6101060124915201,0.02555322006328236,0.014683566752781655,4,3,Grupo 4
41483,Huila,Nátaga,2859.7799999999997,28,0.9356593863863654,0.011189671932806022,0.15557140759079371,0.7800879787955718,0.022379343865612043,0.01713418514710922,4,3,Grupo 4
41503,Huila,Oporapa,4741.3,26,0.8944382342395546,0.048509902347457445,0.23185413283276737,0.6625841014067871,0.0227785628414148,0.016662096893257122,4,3,Grupo 4
41518,Huila,Paicol,2949.23,22,0.8133750165297382,0.1580073442898655,0.0837371110425433,0.7296379054871949,0.016275434604964684,0.006917059707109991,4,3,Grupo 4
41524,Huila,Palermo,13381.24,35,0.29147074561101965,0.6836436682997988,0.07716698900849248,0.21505107150010014,0.005679593221554953,0.0075478804654875034,2,4,Grupo 2
41530,Huila,Palestina,7629.63,23,0.9292233044066357,0.026999998689320452,0.33413153717808075,0.595091767228555,0.0203155329943916,0.01297572752545012,4,3,Grupo 4
41548,Huila,Pital,7598.05,44,0.8612143905344134,0.04435348543376261,0.20469725784905338,0.65651713268536,0.005001283223985101,0.024282546179611873,4,3,Grupo 4
41551,Huila,Pitalito,26925.2,31,0.8177915112979662,0.09229272205963186,0.14576419116663944,0.6720273201313267,0.01856996419710903,0.02005556133287775,4,3,Grupo 4
41615,Huila,Rivera,3939.69,33,0.7627985958286058,0.16016488606971616,0.3169005683188271,0.44589802750977864,0.014721970510370105,0.018402463137962632,4,3,Grupo 4
41660,Huila,Saladoblanco,4317.349999999999,24,0.9719735485888334,0.009033319049880136,0.10058253326693459,0.8713910153218989,0.006485459830683175,0.006948706961446258,4,3,Grupo 4
41668,Huila,San Agustín,15142.640000000001,31,0.8045915375390289,0.0888220283913505,0.16054796257455764,0.6440435749644712,0.02621735707908264,0.009707686374370651,4,3,Grupo 4
41676,Huila,Santa María,7456.52,27,0.820895001958018,0.0024139947321270513,0.30858899325690803,0.5123060087011099,0.005096211101157108,0.005163266510382859,4,3,Grupo 4
41770,Huila,Suaza,11052.33,30,0.9540368411004738,0.016738551961441615,0.17267852118060173,0.7813583199198721,0.007238292740082861,0.015200414754174007,4,3,Grupo 4
41791,Huila,Tarqui,6727.17,31,0.8489706667142349,0.06837942255064165,0.24350506973957844,0.6054655969746565,0.023784146974136226,0.028243674531786767,4,3,Grupo 4
41797,Huila,Tesalia,3269.17,26,0.4221774945934289,0.5261274268392283,0.06420895823710605,0.35796853635632286,0.017741506253880955,0.012235521554400658,2,4,Grupo 2
41799,Huila,Tello,10918.43,33,0.6842036812985016,0.2701853654783701,0.32365642313043175,0.3632949059525957,0.008884061169966744,0.008792472910482551,4,3,Grupo 4
41801,Huila,Teruel,3481.18,20,0.9026192268138964,0.09192285374499452,0.057977467410475755,0.8446417594034207,0.0008617767538593236,0.0011490356718124315,4,3,Grupo 4
41807,Huila,Timaná,6794.64,32,0.9012456877774245,0.05622078579586262,0.19455335382006994,0.7066923339573546,0.009272014411359542,0.01059658789869662,4,3,Grupo 4
41872,Huila,Villavieja,2553.13,18,0.3188752629125818,0.647832268627136,0.24386928985206394,0.07872689600607881,0.0,0.028592355265889317,2,4,Grupo 2
41885,Huila,Yaguará,3216.5,13,0.05767138193688792,0.9357997823721437,0.035286802424996114,0.02238457951189181,0.0,0.006528835690968444,2,4,Grupo 2
44001,La Guajira,Riohacha,12206.75,23,0.3559301206299793,0.223646752821185,0.2320847072316546,0.018821553648596064,0.19825096770229586,0.12157208102074672,2,4,Grupo 2
44035,La Guajira,Albania,284.5,8,0.022847100175746926,0.632688927943761,0.022847100175746926,0.0,0.09490333919156414,0.210896309314587,2,2,Grupo 2
44078,La Guajira,Barrancas,3138.12,16,0.2715383732935643,0.5002995424011829,0.09751061144889298,0.15490803410959428,0.09241201738620576,0.10452117828508789,2,4,Grupo 2
44090,La Guajira,Dibulla,5566.68,20,0.5774860419496002,0.14999964071942343,0.3273046052584305,0.12838532123276353,0.22814316612415297,0.033952014486192846,1,4,Grupo 1
44098,La Guajira,Distracción,1108.0,18,0.2518050541516246,0.434115523465704,0.06498194945848375,0.09296028880866426,0.1624548736462094,0.05144404332129964,2,4,Grupo 2
44110,La Guajira,El Molino,2085.2200000000003,18,0.15404609585559317,0.5634897037243072,0.08440356413232177,0.0696425317232714,0.13955362024150927,0.011030011221837503,2,4,Grupo 2
44279,La Guajira,Fonseca,2565.18,22,0.37801635752656737,0.312648625047755,0.10369642676147484,0.20765794213271588,0.21908793924792802,0.04385657146866887,2,4,Grupo 2
44378,La Guajira,Hatonuevo,207.99,7,0.1754411269772585,0.28847540747151307,0.0,0.1754411269772585,0.12019808644646376,0.23799221116399827,3,2,Grupo 3
44420,La Guajira,La Jagua del Pilar,1288.85,19,0.34515265546805296,0.5043255615471157,0.18155720215696164,0.1635954533110913,0.039570159444466,0.07370912053380921,2,4,Grupo 2
44430,La Guajira,Maicao,4621.0,12,0.010387362042847868,0.7375027050421986,0.010387362042847868,0.0,0.032460506383899586,0.15256438000432807,2,4,Grupo 2
44560,La Guajira,Manaure,119.0,6,0.0,0.2857142857142857,0.0,0.0,0.14285714285714285,0.42857142857142855,3,2,Grupo 3
44650,La Guajira,San Juan del Cesar,5120.99,22,0.4064624223050621,0.3391922265030785,0.11384517446821807,0.29788966586538934,0.12770968113587414,0.07635242404300731,2,4,Grupo 2
44847,La Guajira,Uribia,2740.0,5,0.0,0.5547445255474452,0.0,0.0,0.0,0.42883211678832117,2,4,Grupo 2
44855,La Guajira,Urumita,3330.13,18,0.5585757913354734,0.26785741097194404,0.257047022188323,0.3015287691471504,0.07807503010392987,0.06726464132030882,4,3,Grupo 4
44874,La Guajira,Villanueva,2568.76,20,0.3090051230944113,0.39824662483065754,0.11581463429826062,0.1682757439387097,0.19464644419875737,0.032700602625391234,2,4,Grupo 2
47001,Magdalena,Santa Marta,10962.19,35,0.82354803191698,0.04780066756733828,0.42911954636801586,0.3944284855489642,0.08389746939252102,0.04130561502765415,4,3,Grupo 4
47030,Magdalena,Algarrobo,4819.4,10,0.8734282275801967,0.03319915342158775,0.020541976179607423,0.0,0.06847325393202473,0.024899365066190813,4,4,Grupo 4
47053,Magdalena,Aracataca,10656.96,20,0.7777977959943548,0.11438534066000061,0.1597068957751554,0.13465096988259317,0.07732036152899138,0.018767078041017328,4,4,Grupo 4
47058,Magdalena,Ariguaní,4175.0,6,0.19544910179640718,0.25149700598802394,0.0,0.0,0.38323353293413176,0.1664670658682635,3,2,Grupo 3
47161,Magdalena,Cerro de San Antonio,382.0,8,0.07853403141361257,0.4712041884816754,0.07853403141361257,0.0,0.418848167539267,0.020942408376963352,2,2,Grupo 2
47170,Magdalena,Chivolo,3839.0,8,0.0036467830164105238,0.6381870278718417,0.0036467830164105238,0.0,0.3334201615003907,0.014326647564469915,2,4,Grupo 2
47189,Magdalena,Ciénaga,20836.39,20,0.908573414108682,0.026636091952588717,0.3617709209704752,0.5468024931382067,0.027116021537320047,0.02519630319839473,4,3,Grupo 4
47205,Magdalena,Concordia,2723.9,10,0.0003304086053085649,0.47725687433459374,0.0003304086053085649,0.0,0.4423804104409119,0.07856382392892544,2,2,Grupo 2
47245,Magdalena,El Banco,1880.5,21,0.1964902951342728,0.22600372241425154,0.19223610741823982,0.00425418771603297,0.2127093858016485,0.3259771337410263,3,2,Grupo 3
47258,Magdalena,El Piñón,3531.67,13,0.6357813725517956,0.14723912483329415,0.0052015052368992575,0.0,0.1846152103678996,0.008919293138939934,2,4,Grupo 2
47268,Magdalena,El Retén,9059.0,10,0.5688265813003642,0.3123965117562645,0.18103543437465505,0.0,0.1015564631857821,0.015454244397836405,2,4,Grupo 2
47288,Magdalena,Fundación,7344.2,50,0.559924838648185,0.17047466027613628,0.127651752403257,0.3954821491789439,0.13915743035320388,0.10389150622259742,4,4,Grupo 4
47318,Magdalena,Guamal,4159.0,8,0.26556864630920896,0.4929069487857658,0.2237316662659293,0.0,0.24044241404183697,0.0010819908631882664,2,4,Grupo 2
47460,Magdalena,Nueva Granada,5800.0,5,0.0,0.19827586206896552,0.0,0.0,0.7241379310344828,0.03793103448275862,3,2,Grupo 3
47541,Magdalena,Pedraza,1705.0,9,0.005865102639296188,0.5982404692082112,0.005865102639296188,0.0,0.2697947214076246,0.11436950146627566,2,2,Grupo 2
47545,Magdalena,Pijiño del Carmen,2113.25,8,0.030403407074411453,0.4500177451792263,0.030403407074411453,0.0,0.39749201466934814,0.09369454631491778,2,2,Grupo 2
47551,Magdalena,Pivijay,10732.43,8,0.49498855338446185,0.2143037504088077,0.01308464159561255,0.0,0.1425585817936851,0.0,2,4,Grupo 2
47555,Magdalena,Plato,1550.0,8,0.023870967741935485,0.5683870967741935,0.004516129032258065,0.0,0.34,0.014193548387096775,2,2,Grupo 2
47570,Magdalena,Puebloviejo,2514.5,13,0.8401272618810897,0.08550407635712866,0.032809703718433086,0.0,0.00994233446013124,0.060449393517597934,4,3,Grupo 4
47605,Magdalena,Remolino,1510.3899999999999,11,0.23761412615284794,0.4071796026191911,0.23761412615284794,0.0,0.0993120981998027,0.21881765636689862,2,2,Grupo 2
47660,Magdalena,Sabanas de San Ángel,3000.0,4,0.08333333333333333,0.49666666666666665,0.0,0.0,0.38333333333333336,0.03666666666666667,2,2,Grupo 2
47675,Magdalena,Salamina,1282.5,8,0.4775828460038986,0.28460038986354774,0.07992202729044834,0.0,0.15204678362573099,0.06237816764132553,2,4,Grupo 2
47692,Magdalena,San Sebastián de Buenavista,3743.0,9,0.144803633449105,0.4752872027785199,0.06465402083889928,0.0,0.3563986107400481,0.02351055303232701,2,4,Grupo 2
47703,Magdalena,San Zenón,2488.4,13,0.14426941006269087,0.4553126506992445,0.14426941006269087,0.0,0.3295290146278733,0.047178910143063815,2,2,Grupo 2
47707,Magdalena,Santa Ana,2701.89,18,0.18834593562284183,0.494468686734101,0.1589961101303162,0.029349825492525603,0.20356121085610443,0.06847058910614422,2,4,Grupo 2
47720,Magdalena,Santa Bárbara de Pinto,287.62,8,0.02614560878937487,0.4693693067241499,0.02614560878937487,0.0,0.4519852583269592,0.043807801960920656,3,2,Grupo 3
47745,Magdalena,Sitionuevo,3797.0,10,0.2728469844614169,0.2264946010007901,0.2728469844614169,0.0,0.05267316302343956,0.4479852515143534,3,4,Grupo 3
47798,Magdalena,Tenerife,555.01,8,0.019837480405758456,0.31530963406064755,0.019837480405758456,0.0,0.6252139601088269,0.02702654006234122,3,2,Grupo 3
47960,Magdalena,Zapayán,2640.0,8,0.0,0.4166666666666667,0.0,0.0,0.30303030303030304,0.25,3,2,Grupo 3
47980,Magdalena,Zona Bananera,33108.0,22,0.9716684789174822,0.009453908420925456,0.48803914461761505,0.003352664008698804,0.007249003262051468,0.011024525794369942,1,1,Grupo 1
50001,Meta,Villavicencio,20732.68,22,0.22127771228803997,0.7190580281951007,0.1291810803041382,0.009473449645680154,0.008199615293343648,9.646606227463117e-05,2,4,Grupo 2
50006,Meta,Acacías,10961.23,13,0.9265593368627426,0.07234589548800636,0.015296640979160185,0.02632551273899006,0.0010947676492510422,0.0,4,4,Grupo 4
50110,Meta,Barranca de Upía,16603.52,13,0.9817207435531743,0.011503584782022125,0.048474660794819414,0.007227383109123848,0.0019273021624330261,0.004848369502370582,4,3,Grupo 4
50124,Meta,Cabuyaro,28169.0,11,0.5802122901061451,0.38570769285384643,0.02989101494550747,0.04781852390926195,0.003905001952500976,0.0,2,4,Grupo 2
50150,Meta,Castilla La Nueva,17771.309999999998,16,0.8739260077056785,0.12410452577778455,0.021400223168691564,0.008468706021109306,0.001969466516537048,0.0,4,4,Grupo 4
50223,Meta,Cubarral,613.49,11,0.9999021988948475,0.0,0.24425826011833932,0.6904432020081828,0.0,9.780110515248822e-05,4,3,Grupo 4
50226,Meta,Cumaral,15986.89,13,0.6586578127453182,0.24626428279671655,0.02297507520224384,0.002914262874142501,0.006255125293287187,0.0,2,4,Grupo 2
50245,Meta,El Calvario,848.4,10,0.1485148514851485,0.16501650165016502,0.058934464875058934,0.08958038661008959,0.02593116454502593,0.01225836869401226,2,4,Grupo 2
50251,Meta,El Castillo,7294.01,17,0.5382512499982863,0.3836024354230389,0.3568681699092817,0.18138308008900453,0.05483951900257883,0.0013709879750644707,2,4,Grupo 2
50270,Meta,El Dorado,1636.88,14,0.7473852695371683,0.12584917648208788,0.39159865109232195,0.35578661844484627,0.12523825814965053,0.0,1,1,Grupo 1
50287,Meta,Fuente de Oro,46496.35,17,0.44423594540216593,0.4041392496400255,0.3155847717078868,0.005851857188790087,0.12474097429153042,0.0010753532266511243,2,4,Grupo 2
50313,Meta,Granada,21332.9,24,0.5876791247322211,0.32025650521026205,0.39883935142432586,0.07160301693628152,0.07968911868522328,0.00206254189538225,1,4,Grupo 1
50318,Meta,Guamal,1300.35,12,0.9957703695158996,0.0026915830353366403,0.14792171338485793,0.3825893028799939,0.0015380474487637944,0.0,4,3,Grupo 4
50325,Meta,Mapiripán,12516.5,10,0.9364039467902369,0.02157152558622618,0.14057444173690728,0.04154516038828746,0.03563296448687732,0.006391563136659609,4,3,Grupo 4
50330,Meta,Mesetas,5236.0599999999995,12,0.8472133627192966,0.09549164830043966,0.4072164948453609,0.43999686787393577,0.05729498898026379,0.0,1,1,Grupo 1
50350,Meta,La Macarena,2773.0,9,0.5034258925351605,0.35953840605842047,0.3317706455102777,0.1716552470248828,0.13703570140641905,0.0,2,4,Grupo 2
50370,Meta,Uribe,6834.83,18,0.9078250666073626,0.052671390510078527,0.7142840421780791,0.19354102442928353,0.029261883616710293,0.0007315470904177573,1,1,Grupo 1
50400,Meta,Lejanías,7530.860000000001,17,0.9713180168002061,0.022839356992428485,0.7942718361515152,0.17704618064869082,0.005178691411073901,0.00013278695925830514,1,1,Grupo 1
50450,Meta,Puerto Concordia,14640.0,10,0.8976092896174863,0.06174863387978142,0.1578551912568306,0.07083333333333333,0.031420765027322405,0.009221311475409836,4,4,Grupo 4
50568,Meta,Puerto Gaitán,222416.5,9,0.14281539364210838,0.49354252045149527,0.0007553396443159568,0.0020524556406561565,0.007193710898247207,0.0,2,4,Grupo 2
50573,Meta,Puerto López,67728.01000000001,16,0.3790309208848746,0.33290510085856645,0.018426792696256685,0.3157039458268447,0.002067091591794886,0.0017717927929670454,2,4,Grupo 2
50577,Meta,Puerto Lleras,13546.67,16,0.6918799970767724,0.23540840664163223,0.18861978626481637,0.03207430313132305,0.054256876413170174,0.01845471986842523,2,4,Grupo 2
50590,Meta,Puerto Rico,21175.5,12,0.9245354300961016,0.05388302519421029,0.19907440202120374,0.034898821751552504,0.01742579868243961,0.004155746027248471,4,3,Grupo 4
50606,Meta,Restrepo,2709.27,21,0.29349972501817834,0.3056173803275421,0.12393744440384309,0.01896820914858984,0.02989735242334651,0.0014764124653504449,2,4,Grupo 2
50680,Meta,San Carlos de Guaroa,32337.91,16,0.8110576719398378,0.18479858469517665,0.010078264179719715,0.004483901402409741,0.002442953177864618,0.0010823210281678687,4,4,Grupo 4
50683,Meta,San Juan de Arama,8201.09,17,0.9219615929102107,0.05974815542811992,0.16868001692457954,0.06008103800836231,0.018290251661669362,0.0,4,3,Grupo 4
50686,Meta,San Juanito,1616.5,11,0.08877203835446953,0.3928240024744819,0.009279307145066501,0.07949273120940303,0.008042066192390968,0.006186204763377668,2,4,Grupo 2
50689,Meta,San Martín,23943.0,17,0.774297289395648,0.0751367831934177,0.039051079647496136,0.008520235559453703,0.010650294449317128,0.13740968132648373,4,4,Grupo 4
50711,Meta,Vistahermosa,11727.77,21,0.667839666023464,0.20413087910148306,0.23859352630551248,0.23941806498592658,0.1145145240740567,0.01193747831002825,4,4,Grupo 4
52001,Nariño,Pasto,9909.470000000001,17,0.03789001833599577,0.002421925693301458,0.006483696908109111,0.03140632142788666,0.8774434959690073,0.07820801717952625,3,2,Grupo 3
52019,Nariño,Albán,3649.17,17,0.868463239585988,0.04576383122737499,0.291518345267554,0.576944894318434,0.02247086323739371,0.006576838020700597,4,3,Grupo 4
52022,Nariño,Aldana,300.75,6,0.0024937655860349127,0.09975062344139651,0.0024937655860349127,0.0,0.6650041562759768,0.0,3,2,Grupo 3
52036,Nariño,Ancuya,2572.1400000000003,12,0.8440986882518059,0.05676207360408064,0.09311701540351612,0.7505928915222343,0.0248820048675422,0.0007775626521106938,4,3,Grupo 4
52051,Nariño,Arboleda,3326.01,13,0.9143117428991494,0.046602385440813465,0.3436550100570954,0.570656732842054,0.021046238586173823,0.0,4,3,Grupo 4
52079,Nariño,Barbacoas,858.0,15,0.8974358974358975,0.026806526806526808,0.7610722610722611,0.13286713286713286,0.07575757575757576,0.0,1,1,Grupo 1
52083,Nariño,Belén,275.61,17,0.8454337651028626,0.0018141576865861179,0.19592903015130075,0.6495047349515619,0.10957512426980152,0.021407060701716194,4,3,Grupo 4
52110,Nariño,Buesaco,3940.0800000000004,23,0.9482244015349942,0.010405880083653122,0.025446183833830783,0.9227782177011634,0.016243325008629263,0.012943899616251446,4,3,Grupo 4
52203,Nariño,Colón,3155.7,18,0.9656811483981367,0.019013214183857784,0.20803625186171057,0.7576448965364262,0.008555946382736003,0.001045726780112178,4,3,Grupo 4
52207,Nariño,Consacá,4225.2,13,0.934973492379059,0.01656726308813784,0.011360408974723091,0.9236130834043359,0.0014200511218403864,0.0040826469752911106,4,3,Grupo 4
52210,Nariño,Contadero,1677.35,22,0.05735237129996722,0.00357707097504993,0.05735237129996722,0.0,0.38751602229707577,0.04778370644170865,3,2,Grupo 3
52215,Nariño,Córdoba,3498.5,26,0.1810776046877233,0.0037158782335286553,0.1785050736029727,0.0025725310847506074,0.30756038302129485,0.06659997141632128,3,2,Grupo 3
52224,Nariño,Cuaspud Carlosama,1500.45,19,0.006331433903162384,0.01599520143956813,0.006331433903162384,0.0,0.6238128561431571,0.014628944649938351,3,2,Grupo 3
52227,Nariño,Cumbal,1616.67,22,0.21239337650850204,0.007917509448434126,0.1616718316044709,0.05072154490403112,0.7268026251492264,0.025051494739186105,3,2,Grupo 3
52233,Nariño,Cumbitara,632.08,16,0.6867485128464751,0.12023794456397924,0.25787874952537654,0.42886976332109855,0.11707378812808504,0.028477407923047714,4,3,Grupo 4
52240,Nariño,Chachagüí,1073.01,15,0.9397023326902825,0.025162859619202057,0.3844232579379503,0.5552790747523322,0.027492754028387432,0.002982264843757281,4,3,Grupo 4
52250,Nariño,El Charco,6416.49,30,0.9908049416425491,0.006233937869458224,0.8718146525592653,0.11875651641317918,0.002337726701046834,0.00046754534020936685,1,1,Grupo 1
52254,Nariño,El Peñol,1729.92,29,0.6452552719200888,0.09808546059933407,0.1800776914539401,0.4651775804661487,0.004046429892711802,0.04508879023307436,4,3,Grupo 4
52256,Nariño,El Rosario,3078.58,14,0.9304874325175893,0.029883907515802742,0.6726510274217334,0.25783640509585587,0.007795801960644193,0.0016241254084675403,1,1,Grupo 1
52258,Nariño,El Tablón de Gómez,2534.91,24,0.9552252348209601,0.008284317786430288,0.13893984401813084,0.8162853908028294,0.019724566158167353,0.0035504219084701236,4,3,Grupo 4
52260,Nariño,El Tambo,5079.99,23,0.6630662658784762,0.11141754216051607,0.13169317262435556,0.5313730932541206,0.032700851773330264,0.03572841678822203,4,3,Grupo 4
52287,Nariño,Funes,1178.58,18,0.29236878277248896,0.041575455208810605,0.0326664290926369,0.259702353679852,0.016969573554616573,0.30969471737175247,3,2,Grupo 3
52317,Nariño,Guachucal,604.1,4,0.00016553550736633007,0.0,0.00016553550736633007,0.0,0.9336202615461016,0.0033107101473266016,3,2,Grupo 3
52320,Nariño,Guaitarilla,2369.13,35,0.206565279237526,0.19627458180851198,0.06059186283572451,0.1459734164018015,0.12578457070739046,0.05075702895155605,2,4,Grupo 2
52323,Nariño,Gualmatán,1241.25,18,0.010674723061430011,0.0,0.010674723061430011,0.0,0.48982880161127895,0.24410876132930515,3,2,Grupo 3
52352,Nariño,Iles,796.35,15,0.03559992465624411,0.05148489985559113,0.02644565831606706,0.009154266340177058,0.37797450869592514,0.3829974257550072,3,2,Grupo 3
52354,Nariño,Imués,948.0799999999999,12,0.020124883976035776,0.15188591680027003,0.00232047928444857,0.017804404691587207,0.6803223356678761,0.0685596152223441,3,2,Grupo 3
52356,Nariño,Ipiales,8700.0,26,0.03482758620689655,0.01885057471264368,0.03206896551724138,0.002758620689655172,0.20494252873563218,0.09057471264367815,3,2,Grupo 3
52378,Nariño,La Cruz,2774.71,20,0.19919559161137562,0.04036457864065073,0.08793711775284624,0.11125847385852936,0.6898018171268349,0.01657830908455298,3,2,Grupo 3
52381,Nariño,La Florida,2159.86,20,0.9145777967090459,0.05231820580963581,0.29799616641819376,0.6165816302908521,0.025233116961284528,0.0009259859435333771,4,3,Grupo 4
52385,Nariño,La Llanada,348.31,22,0.7697453417932302,0.05454910855272602,0.532571559817404,0.23717378197582614,0.03875857712956849,0.053687806838735606,1,1,Grupo 1
52390,Nariño,La Tola,697.0,17,0.9139167862266858,0.021520803443328552,0.599713055954089,0.31420373027259685,0.04591104734576758,0.0,1,1,Grupo 1
52399,Nariño,La Unión,5745.01,14,0.9728460002680587,0.010443846050746648,0.1937333442413503,0.7791126560267084,0.005221923025373324,0.0010443846050746648,4,3,Grupo 4
52405,Nariño,Leiva,1290.3500000000001,21,0.9190142209478048,0.01782462122679893,0.33308792188166,0.5859262990661448,0.013949703568799161,0.03061184949819816,4,3,Grupo 4
52411,Nariño,Linares,5201.07,16,0.7025612037523049,0.12843511046765377,0.10017169543959224,0.6023895083127127,0.020957226109242905,0.0019226812944259548,4,3,Grupo 4
52418,Nariño,Los Andes,1653.25,12,0.9522153334341449,0.018146075911084227,0.6272493573264781,0.3249659761076667,0.015726599122939663,0.0,1,1,Grupo 1
52427,Nariño,Magüí,1005.0,24,0.8348258706467662,0.04875621890547264,0.6407960199004975,0.19402985074626866,0.0845771144278607,0.007960199004975124,1,1,Grupo 1
52435,Nariño,Mallama,1375.12,15,0.6553028099365874,0.09890045959625343,0.09090115771714469,0.5644016522194427,0.13598813194484846,0.011635348187794521,4,3,Grupo 4
52473,Nariño,Mosquera,1339.2,18,0.9729689366786141,0.009333930704898446,0.5772102747909199,0.39575866188769415,0.01194743130227001,0.003360215053763441,1,1,Grupo 1
52480,Nariño,Nariño,44.5,12,0.39325842696629215,0.3146067415730337,0.3707865168539326,0.02247191011235955,0.2247191011235955,0.0449438202247191,3,2,Grupo 3
52490,Nariño,Olaya Herrera,4055.45,28,0.9201075096475114,0.007397452810415614,0.7842409596962112,0.1358665499513001,0.06090569480575522,0.0071508710500684265,1,1,Grupo 1
52506,Nariño,Ospina,871.0,9,0.003444316877152698,0.05166475315729047,0.003444316877152698,0.0,0.8094144661308841,0.08725602755453502,3,2,Grupo 3
52520,Nariño,Francisco Pizarro,2345.2,22,0.9878475183353232,0.0004264028654272557,0.802063789868668,0.18407811700494628,0.006182841548695208,0.0,1,1,Grupo 1
52540,Nariño,Policarpa,1140.69,10,0.7808344072447378,0.1227327319429468,0.27264199738754613,0.5081924098571917,0.028929858243694605,0.0,4,3,Grupo 4
52560,Nariño,Potosí,10280.5,14,0.001313165702057293,0.009629881815086816,0.001313165702057293,0.0,0.5739020475657799,0.2299985409269977,3,2,Grupo 3
52565,Nariño,Providencia,562.13,11,0.7091420134132674,0.0,0.36468432568978704,0.34445768772348034,0.2908579865867326,0.0,1,3,Grupo 1
52573,Nariño,Puerres,1311.5,17,0.0509340449866565,0.006633625619519633,0.041784216545939765,0.009149828440716736,0.35836828059473885,0.03415935951200915,3,2,Grupo 3
52585,Nariño,Pupiales,4574.9,11,0.002929025771055105,0.004371680255306127,0.002929025771055105,0.0,0.8397997770443071,0.014317252836127567,3,2,Grupo 3
52612,Nariño,Ricaurte,1913.57,18,0.926838317908412,0.026129172175567133,0.4058383022309087,0.5180630967249696,0.020903337740453706,0.0,4,3,Grupo 4
52621,Nariño,Roberto Payán,1898.98,15,0.9594519162919041,0.01053196979431063,0.6229554813636794,0.3364964349282246,0.030016113913785294,0.0,1,1,Grupo 1
52678,Nariño,Samaniego,3525.28,17,0.9475218989697273,0.02297689828893024,0.4950642218490446,0.4524576771206826,0.014750601370671265,0.005673308219488948,1,1,Grupo 1
52683,Nariño,Sandoná,6037.45,21,0.9770267248590051,0.011263033234229683,0.1899593371373676,0.7870673877216375,0.0009937970500790898,0.0022691699310139215,4,3,Grupo 4
52685,Nariño,San Bernardo,1195.22,24,0.9381452786934622,0.010525258948143438,0.10036645973126286,0.8377788189621993,0.015980321614430817,0.021753317380900587,4,3,Grupo 4
52687,Nariño,San Lorenzo,4875.92,19,0.9786706918899408,0.010459564553971352,0.15279167828840506,0.8258790136015357,0.0038967005201069748,0.001230537006349571,4,3,Grupo 4
52693,Nariño,San Pablo,2106.13,22,0.8262215532754389,0.07929235137432161,0.1406370926770902,0.6855844605983487,0.05697653990969218,0.023740224962371742,4,3,Grupo 4
52694,Nariño,San Pedro de Cartago,1385.33,16,0.9408083272577653,0.0,0.36850425530379044,0.5723040719539749,0.032483235041470264,0.010105895346235193,4,3,Grupo 4
52696,Nariño,Santa Bárbara,1933.41,23,0.9785870560305366,0.0020688834753104617,0.8904008978954282,0.0868931059630394,0.012930521720690386,0.0,1,1,Grupo 1
52699,Nariño,Santacruz,258.19,7,0.7947248150586778,0.08908168403113986,0.16654401797126148,0.6281807970874163,0.11619350091018242,0.0,4,3,Grupo 4
52720,Nariño,Sapuyes,1505.0,17,0.003986710963455149,0.06710963455149502,0.003986710963455149,0.0,0.8485049833887043,0.05780730897009967,3,2,Grupo 3
52786,Nariño,Taminango,2663.89,16,0.9230448704713783,0.020646498166215572,0.26600197455600644,0.6570428959153719,0.0033785178817443665,0.005630863136240611,4,3,Grupo 4
52788,Nariño,Tangua,1373.26,12,0.1276233196918282,0.05679914946914641,0.0029127768958536623,0.12471054279597453,0.3932248809402444,0.10922913359451233,3,2,Grupo 3
52835,Nariño,San Andrés de Tumaco,59369.619999999995,27,0.9617649565552213,0.0004042471553632986,0.19949041277340163,0.28714264972556675,0.03705598924163571,0.0,4,3,Grupo 4
52838,Nariño,Túquerres,7787.69,21,0.04143590718171884,0.0,0.015254844504596358,0.026181062677122485,0.768648983202978,0.15460296955836714,3,2,Grupo 3
52885,Nariño,Yacuanquer,4505.46,28,0.1286128386446667,0.38730784426007553,0.0018865998144473595,0.12672623883021933,0.16113781944573916,0.026856303240956527,2,4,Grupo 2
54001,Norte de Santander,San José de Cúcuta,21705.54,13,0.0569227948256528,0.9403129339329959,0.011080120559083072,0.01819996185305687,0.002764271241351286,0.0,2,4,Grupo 2
54003,Norte de Santander,Ábrego,7303.23,23,0.18214269576611994,0.16636474546193944,0.09461567005283963,0.08752702571328029,0.07873228694700839,0.352583719806168,3,4,Grupo 3
54051,Norte de Santander,Arboledas,3119.87,20,0.9673063300714453,0.010737626888299833,0.17340466109164807,0.793260616628257,0.010737626888299833,0.005609208075977525,4,3,Grupo 4
54099,Norte de Santander,Bochalema,1062.9299999999998,16,0.8262350295880256,0.03763182900096902,0.2599418588241936,0.5662931707638321,0.06209251785159889,0.025589643720658937,4,3,Grupo 4
54109,Norte de Santander,Bucarasica,2602.1800000000003,17,0.8090062947221176,0.004995811204451651,0.17639056483410062,0.632615729888017,0.012297381426342527,0.0391979032964668,4,3,Grupo 4
54125,Norte de Santander,Cácota,864.14,24,0.5093387645520402,0.03008771726803527,0.5056703774851298,0.003668387066910454,0.2731038952021663,0.10414979054319902,1,1,Grupo 1
54128,Norte de Santander,Cáchira,1684.24,14,0.8634398898019284,0.0,0.12527905761649172,0.7381608321854367,0.0653113570512516,0.020187146724932315,4,3,Grupo 4
54172,Norte de Santander,Chinácota,949.97,22,0.8499952630083055,0.0278956177563502,0.2589555459646094,0.5910397170436962,0.0010526648209943472,0.06947587818562691,4,3,Grupo 4
54174,Norte de Santander,Chitagá,4493.45,21,0.22131101937264241,0.021364430448764314,0.1535568438504935,0.06775417552214891,0.5699406914508897,0.09057628325674037,3,2,Grupo 3
54206,Norte de Santander,Convención,7017.54,13,0.8654799260139593,0.03676502022076112,0.15646508605579734,0.709014839958162,0.06768753722814548,0.011827506505128578,4,3,Grupo 4
54223,Norte de Santander,Cucutilla,2770.92,18,0.9622868938836199,0.014435638704834495,0.2315115557287832,0.7307753381548366,0.014074747737213632,0.004511137095260779,4,3,Grupo 4
54239,Norte de Santander,Durania,1595.46,18,0.8406854449500458,0.11720757649831397,0.3940681684279142,0.44661727652213157,0.02507113935792812,0.005879182179434145,1,3,Grupo 1
54245,Norte de Santander,El Carmen,6170.02,14,0.7192877818872548,0.08897864188446715,0.3769031542847511,0.3423846276025037,0.029173325208022013,0.06596412977591644,1,1,Grupo 1
54250,Norte de Santander,El Tarra,885.92,11,0.8995394618024201,0.018060321473722232,0.061179338992234066,0.8383601228101861,0.07111251580278129,0.0,4,3,Grupo 4
54261,Norte de Santander,El Zulia,7420.0,20,0.41847708894878705,0.5366846361185984,0.13128032345013477,0.1509433962264151,0.009299191374663073,0.027991913746630726,2,4,Grupo 2
54313,Norte de Santander,Gramalote,1539.24,21,0.9486759699592007,0.010719575894597334,0.1987994074998051,0.7498765624593956,0.009095397728749254,0.01949013799017697,4,3,Grupo 4
54344,Norte de Santander,Hacarí,2004.85,13,0.816694515799187,0.01770706037858194,0.06574057909569295,0.7509539367034941,0.06534154674913335,0.07581614584632267,4,3,Grupo 4
54347,Norte de Santander,Herrán,326.24,19,0.6658901422265817,0.0413805787150564,0.10728298185384992,0.5586071603727317,0.1348700343305542,0.08582638548307994,4,3,Grupo 4
54377,Norte de Santander,Labateca,2227.87,33,0.813947851535323,0.02917584957829676,0.23946639615417417,0.5744814553811488,0.05296538846521566,0.06261586178726766,4,3,Grupo 4
54385,Norte de Santander,La Esperanza,11451.48,16,0.7166305141344176,0.23665063380453882,0.11478865613876985,0.1368364613132975,0.035366607634995655,0.0,4,4,Grupo 4
54398,Norte de Santander,La Playa,3151.49,24,0.19339740884470522,0.07520252325090672,0.07326693088031376,0.12013047796439144,0.0732986619027825,0.3760126162545336,3,2,Grupo 3
54405,Norte de Santander,Los Patios,595.22,22,0.5037129128725513,0.3864117469171063,0.20160612882631632,0.302106784046235,0.01176035751486845,0.06955411444507913,2,4,Grupo 2
54418,Norte de Santander,Lourdes,1989.09,15,0.9726005359234625,0.006535651981559407,0.3686610460059625,0.6039394899175,0.015836387493778564,0.002513712300599772,4,3,Grupo 4
54480,Norte de Santander,Mutiscua,1219.15,24,0.15572324980519212,0.003280974449411475,0.15572324980519212,0.0,0.3720625025632613,0.4119263421236107,3,2,Grupo 3
54498,Norte de Santander,Ocaña,6212.28,24,0.2368341414102391,0.14487434565087215,0.054730308356996146,0.18210383305324293,0.05794973826034886,0.36781986645804765,3,4,Grupo 3
54518,Norte de Santander,Pamplona,1557.33,34,0.29815774434448705,0.04302235235948707,0.2626289867914957,0.03552875755299134,0.3929802931941207,0.08668682938105604,3,2,Grupo 3
54520,Norte de Santander,Pamplonita,1036.22,21,0.8827469070274652,0.02412615081739399,0.3908436432417826,0.4919032637856826,0.025091196850089748,0.04487464052035282,1,3,Grupo 1
54553,Norte de Santander,Puerto Santander,3101.5,9,0.06174431726583911,0.937288408834435,0.016282443978719974,0.008383040464291471,0.0009672738997259391,0.0,2,4,Grupo 2
54599,Norte de Santander,Ragonvalia,1091.87,14,0.963365602132122,0.009616529440317987,0.38721642686400404,0.576149175268118,0.004579299733484756,0.008700669493621036,4,3,Grupo 4
54660,Norte de Santander,Salazar,1920.7,21,0.9757900765345968,0.0031238610923100952,0.1179257562347061,0.8578643202998908,0.007809652730775238,0.007184880512313219,4,3,Grupo 4
54670,Norte de Santander,San Calixto,3580.9300000000003,14,0.655955296529114,0.011170282580223572,0.06674243841683584,0.5892128581122781,0.039095989030782506,0.18989480386380073,4,3,Grupo 4
54673,Norte de Santander,San Cayetano,1337.24,10,0.15497592055278037,0.7403308306661481,0.08749364362418115,0.0674822769285992,0.08225898118512757,0.022434267595943885,2,4,Grupo 2
54680,Norte de Santander,Santiago,691.88,15,0.8384112851939644,0.11996299936405157,0.20798404347574725,0.5408163265306123,0.009250158987107591,0.015754177024917618,4,3,Grupo 4
54720,Norte de Santander,Sardinata,11899.07,11,0.8699898395420819,0.007563616316233117,0.1374225044478266,0.3964066099283389,0.12101786105972988,0.0005882812690403535,4,3,Grupo 4
54743,Norte de Santander,Silos,3761.5,16,0.17718995081749303,0.013026718064601888,0.17718995081749303,0.0,0.7215206699455005,0.08241393061278746,3,2,Grupo 3
54800,Norte de Santander,Teorama,4118.04,15,0.8972812308768249,0.0071636021019708404,0.2580110926557294,0.6392701382210955,0.020640887412458356,0.02343347806237919,4,3,Grupo 4
54810,Norte de Santander,Tibú,43511.270000000004,13,0.9225947668270771,0.0493665204440137,0.02264930442159008,0.04959105997135914,0.028038712728909083,0.0,4,4,Grupo 4
54820,Norte de Santander,Toledo,3541.81,10,0.9822124845770948,0.005929171807635079,0.13637095157560683,0.8458415330014879,0.0,0.003388098175791474,4,3,Grupo 4
54871,Norte de Santander,Villa Caro,883.28,14,0.7633819400416629,0.0260393080336926,0.21176750294357397,0.551614437098089,0.007925006792862966,0.15736799202970747,4,3,Grupo 4
54874,Norte de Santander,Villa del Rosario,1091.82,29,0.25244087853309155,0.25663570918283235,0.16051180597534392,0.09192907255774763,0.07327215108717555,0.3352200912238281,3,2,Grupo 3
63001,Quindío,Armenia,6919.15,21,0.9001322416770846,0.04986161594993605,0.6729236972749543,0.2272085444021303,0.026737388263009185,0.02182348987953723,1,1,Grupo 1
63111,Quindío,Buenavista,17.5,5,0.0,0.17142857142857143,0.0,0.0,0.11428571428571428,0.17142857142857143,3,2,Grupo 3
63130,Quindío,Calarcá,7752.0,27,0.9938209494324046,0.0002321981424148607,0.6330882352941176,0.3606682146542828,0.0015092879256965942,0.002825077399380805,1,1,Grupo 1
63190,Quindío,Circasia,2873.31,19,0.9775694234175917,0.00636896123286384,0.5202710462845986,0.457298377132993,0.006960613369250098,0.004350383355781312,1,1,Grupo 1
63212,Quindío,Córdoba,3407.38,18,0.9911075371693207,0.002054364350321948,0.5615751691915782,0.42953236797774247,0.0030228504011880096,0.000586961242949128,1,1,Grupo 1
63272,Quindío,Filandia,4672.110000000001,19,0.9667173932120605,0.002568432678168964,0.6327547938725757,0.3339625993394847,0.0034245769042252853,0.026005380866460762,1,1,Grupo 1
63302,Quindío,Génova,7957.28,17,0.9853593187621901,0.010367864395873966,0.6089568294693664,0.37640248929282366,0.0,0.0018850662537952668,1,1,Grupo 1
63401,Quindío,La Tebaida,4570.0,17,0.9487308533916848,0.016192560175054705,0.7842560175054705,0.16447483588621445,0.030634573304157548,0.004113785557986871,1,1,Grupo 1
63470,Quindío,Montenegro,8736.41,18,0.8476490915604923,0.14193473062734008,0.7238614030248124,0.12367322504323859,0.004578539697656131,0.005723174622070164,1,1,Grupo 1
63548,Quindío,Pijao,7531.780000000001,15,0.9983138116089423,0.0006505766233214459,0.7899792612104974,0.20833455039844498,0.0,0.0,1,1,Grupo 1
63594,Quindío,Quimbaya,9095.189999999999,16,0.9913690643076175,0.0032984467614200477,0.7687228084295107,0.22264625587810702,0.0027487056345167063,0.0014293269299486874,1,1,Grupo 1
63690,Quindío,Salento,2188.92,9,0.9876651499369552,0.0,0.7848619410485536,0.2028032088884016,0.0,0.009136925972625769,1,1,Grupo 1
66001,Risaralda,Pereira,10137.27,33,0.8093382143318664,0.09450276060517279,0.4479174373376658,0.35885598390888274,0.002860730749008362,0.05119820227733896,1,1,Grupo 1
66045,Risaralda,Apía,6013.5599999999995,14,0.9792136438316072,0.015797630687978504,0.3349929160098179,0.6442207278217895,0.0,0.0,4,3,Grupo 4
66075,Risaralda,Balboa,4760.32,13,0.9848749663888142,0.00840279645065878,0.2372739647754773,0.7476010016133369,0.0,0.0,4,3,Grupo 4
66088,Risaralda,Belén de Umbría,13133.36,11,0.9939086418098644,0.0053299384163686975,0.4644584478001059,0.5294501940097583,0.0,0.0,1,3,Grupo 1
66170,Risaralda,Dosquebradas,1442.28,15,0.9893917963224894,0.0038134065507391076,0.41219458080261806,0.5771972155198714,0.0016293646171339825,0.0024613805918406967,4,3,Grupo 4
66318,Risaralda,Guática,4627.4400000000005,22,0.956658541223657,0.007563577269505384,0.46704873536988045,0.4891776014383762,0.001296613246200923,0.024756668914129625,1,3,Grupo 1
66383,Risaralda,La Celia,4946.1900000000005,11,0.9898912091933387,0.00667180193239645,0.303223289036612,0.6866679201567266,0.00020217581613322575,0.0020217581613322577,4,3,Grupo 4
66400,Risaralda,La Virginia,442.27,9,0.9909557510118253,0.009044248988174644,0.3524996043141068,0.6384561466977187,0.0,0.0,4,3,Grupo 4
66440,Risaralda,Marsella,4578.75,14,0.9965055965055966,0.0002184002184002184,0.34312858312858313,0.652940212940213,0.0002184002184002184,0.0017472017472017472,4,3,Grupo 4
66456,Risaralda,Mistrató,2364.15,13,0.9644692595647484,0.028339995347164942,0.09711735718968761,0.8673519023750609,0.002537910031089398,0.0,4,3,Grupo 4
66572,Risaralda,Pueblo Rico,3530.02,11,0.9419266746364043,0.02776188236893842,0.13644398615305295,0.8054826884833514,0.0,0.0,4,3,Grupo 4
66594,Risaralda,Quinchía,5464.83,8,0.9986458865143106,0.0009149415443847293,0.19547543107470863,0.8031704554396021,0.0,0.0,4,3,Grupo 4
66682,Risaralda,Santa Rosa de Cabal,5964.51,13,0.9611703224573352,0.007544626465543691,0.25896511197063965,0.7022052104866955,0.0,0.0218961825866668,4,3,Grupo 4
66687,Risaralda,Santuario,7447.97,12,0.9919843930628077,0.0032223545476149874,0.14754355884892126,0.8444408342138864,0.0,0.004162207957336026,4,3,Grupo 4
68001,Santander,Bucaramanga,1757.73,14,0.8378590568517349,0.05973613694936082,0.3152930199746264,0.5225660368771086,0.03129035744966519,0.02389445477974433,4,3,Grupo 4
68013,Santander,Aguada,401.61,10,0.7161425263315156,0.07718931301511417,0.03187171634172456,0.6842708099897911,0.059759468140733546,0.0,4,3,Grupo 4
68020,Santander,Albania,697.64,11,0.862393211398429,0.0229344647669285,0.35154234275557594,0.510850868642853,0.1003382833553122,0.0,1,3,Grupo 1
68051,Santander,Aratoca,2249.34,14,0.9677683231525692,0.004890323383748121,0.13181644393466527,0.843954226573128,0.007557772502156187,0.002889736544942072,4,3,Grupo 4
68077,Santander,Barbosa,1436.73,12,0.8763859597836755,0.02575292504506762,0.1017170936780049,0.7746688661056705,0.0111364000194887,0.05150585009013524,4,3,Grupo 4
68079,Santander,Barichara,1520.62,20,0.5232207915192487,0.06444739645670845,0.2041930265286528,0.32691928292407046,0.033538951217266647,0.06905078191790191,4,3,Grupo 4
68081,Santander,Barrancabermeja,9920.7,19,0.9377312084832724,0.03134859435322104,0.08565323011481044,0.022256493997399377,0.029861804106565058,0.0016883889241686573,4,3,Grupo 4
68092,Santander,Betulia,1639.8,24,0.8420539090132944,0.018294914013904134,0.2747774118794975,0.5672764971337968,0.018294914013904134,0.11891694109037688,4,3,Grupo 4
68101,Santander,Bolívar,2408.23,14,0.9044941720682825,0.018685922856205593,0.4204332642646259,0.4840609078036566,0.060210195869995806,0.00788961187262014,1,3,Grupo 1
68121,Santander,Cabrera,495.58,11,0.26147140724000156,0.7183502159086324,0.21792646999475362,0.04354493724524799,0.020178376851366076,0.0,2,4,Grupo 2
68132,Santander,California,118.6,17,0.5354131534569984,0.0927487352445194,0.5311973018549747,0.0042158516020236085,0.11804384485666106,0.2200674536256324,1,1,Grupo 1
68147,Santander,Capitanejo,560.32,27,0.5913049685893774,0.046402055968018274,0.5570923757852655,0.084184037692747,0.1070816676185037,0.15883780696744715,1,1,Grupo 1
68152,Santander,Carcasí,1707.5,12,0.024890190336749635,0.05680819912152269,0.024890190336749635,0.0,0.7027818448023426,0.025183016105417278,3,2,Grupo 3
68160,Santander,Cepitá,327.26,17,0.7469901607284728,0.02077858583389354,0.24200941147711302,0.5874839577094666,0.018334046324023714,0.05500213897207114,4,3,Grupo 4
68162,Santander,Cerrito,2802.0,12,0.10920770877944326,0.0032119914346895075,0.10920770877944326,0.0,0.5353319057815846,0.3468950749464668,3,2,Grupo 3
68167,Santander,Charalá,2486.13,20,0.9221681891132001,0.019307115878896115,0.18743991665761645,0.7355327356172042,0.042636547565895584,0.006234589502560204,4,3,Grupo 4
68169,Santander,Charta,451.71000000000004,7,0.9014854663390228,0.0,0.5933010117110535,0.3081844546279693,0.02213809745190498,0.029886431560071727,1,1,Grupo 1
68176,Santander,Chima,2710.4700000000003,15,0.9066582548414113,0.037631849826782804,0.3148900375211679,0.5917682173202433,0.05349625710670105,0.002213638225104871,4,3,Grupo 4
68179,Santander,Chipatá,2393.35,11,0.9304322393298097,0.04804980466709842,0.11657300436626486,0.8138592349635448,0.0,0.0027158585246620844,4,3,Grupo 4
68190,Santander,Cimitarra,4532.0,14,0.7864077669902912,0.17210944395410416,0.19064430714916153,0.46822594880847307,0.03971756398940865,0.00176522506619594,4,3,Grupo 4
68207,Santander,Concepción,629.2,12,0.21694214876033055,0.020184361093452,0.21694214876033055,0.0,0.2670057215511761,0.2844882390336936,3,2,Grupo 3
68209,Santander,Confines,4104.219999999999,17,0.9383561310066225,0.009258762931811649,0.10654155966298104,0.8318145713436416,0.009746066244012263,0.022415952361228203,4,3,Grupo 4
68211,Santander,Contratación,530.63,8,0.8756195465767107,0.05653656973785877,0.11401541563801519,0.7616041309386955,0.05276746508866819,0.015076418596762339,4,3,Grupo 4
68217,Santander,Coromoro,2399.29,14,0.9322716303573141,0.01708838864830846,0.09221894810548122,0.8400526822518328,0.030217272609813738,0.0029175297692233954,4,3,Grupo 4
68229,Santander,Curití,3594.41,25,0.8386383300736421,0.05564195514701996,0.1743902337240326,0.6698122918643116,0.0055641955147019955,0.010154656814331142,4,3,Grupo 4
68235,Santander,El Carmen de Chucurí,19888.93,17,0.990597784797875,0.002765357412389706,0.17964767335397128,0.8080841955801544,0.005983227855897728,0.00035195457975868987,4,3,Grupo 4
68245,Santander,El Guacamayo,646.36,17,0.8375518287022712,0.04486663778699177,0.09220867627947274,0.7453431524227984,0.10907234358561792,0.0015471254409307506,4,3,Grupo 4
68250,Santander,El Peñón,1256.0,6,0.89171974522293,0.06767515923566879,0.15605095541401273,0.7356687898089171,0.04060509554140127,0.0,4,3,Grupo 4
68255,Santander,El Playón,4383.36,18,0.902814279456855,0.007528471309680246,0.2774127609870054,0.6254015184698496,0.07756606803912981,0.01209118119433494,4,3,Grupo 4
68264,Santander,Encino,682.25,6,0.6892634664712349,0.06449248809087578,0.0,0.6892634664712349,0.2052033711982411,0.0,4,3,Grupo 4
68266,Santander,Enciso,601.71,13,0.2471456349404198,0.27754233767097103,0.02846886373834571,0.2303102823619351,0.0,0.1429259942497216,2,2,Grupo 2
68271,Santander,Florián,1784.16,18,0.9651376558156219,0.010369025199533673,0.2745829970406241,0.6905546587749977,0.014852927988521208,0.005044390637610976,4,3,Grupo 4
68276,Santander,Floridablanca,1130.5,26,0.8624502432551968,0.0,0.23794781070322865,0.6245024325519681,0.007076514816452897,0.09155241043785936,4,3,Grupo 4
68296,Santander,Galán,1166.48,15,0.9177011178931486,0.06686784171181674,0.15765379603593718,0.7600473218572115,0.015431040395034634,0.0,4,3,Grupo 4
68298,Santander,Gámbita,1480.99,16,0.8933146071209124,0.02430806420029845,0.027684184228117678,0.8656304228927947,0.0324107522670646,0.026333736216989985,4,3,Grupo 4
68307,Santander,Girón,10163.21,16,0.8848788916100326,0.009347440424826409,0.8341852623334557,0.07037245122357996,0.05313281925690801,0.032962026761229966,1,1,Grupo 1
68318,Santander,Guaca,2108.26,18,0.1789437735383681,0.03604868469733334,0.11255727471943687,0.06638649881893124,0.41218825002608783,0.27463405841784216,3,2,Grupo 3
68320,Santander,Guadalupe,2065.83,8,0.8997981440873644,0.032432484763993165,0.05881413281828612,0.8409840112690783,0.05615176466601802,0.0,4,3,Grupo 4
68322,Santander,Guapotá,887.4200000000001,14,0.9526717901331951,0.020283518514344952,0.0766266254986365,0.8760451646345586,0.01577606995560163,0.0033805864190574924,4,3,Grupo 4
68324,Santander,Guavatá,996.36,8,0.7701633947569152,0.15556626119073427,0.28052109679232407,0.48964229796459113,0.05018266490023686,0.0,4,3,Grupo 4
68327,Santander,Güepsa,2565.47,14,0.9775869528780301,0.00799073853913708,0.012863140087391395,0.9647238127906388,0.0046775054863241435,0.005651985795975007,4,3,Grupo 4
68344,Santander,Hato,1461.48,17,0.945603087281386,0.02771163478118072,0.14768590743629745,0.7979171798450885,0.021895612666611927,0.0013684757916632454,4,3,Grupo 4
68368,Santander,Jesús María,733.6700000000001,17,0.8677879700682869,0.014993116796379843,0.2398898687420775,0.6278981013262093,0.07360257336404649,0.019082148649937982,4,3,Grupo 4
68370,Santander,Jordán,458.2,13,0.2928852029681362,0.11567001309471847,0.1615015277171541,0.6115233522479266,0.02400698384984723,0.017459624618070713,4,3,Grupo 4
68377,Santander,La Belleza,2020.43,14,0.9656013818840544,0.004949441455531743,0.06434273892191265,0.9012586429621418,0.01039382705661666,0.016580628876031338,4,3,Grupo 4
68385,Santander,Landázuri,9306.05,7,0.9494952208509518,0.004298279076514741,0.15172925140097035,0.7977659694499816,0.04620650007253346,0.0,4,3,Grupo 4
68397,Santander,La Paz,2106.26,12,0.9633473550273944,0.005697302327348,0.27584438768243236,0.6875029673449621,0.007121627909185,0.011394604654696,4,3,Grupo 4
68406,Santander,Lebrija,14859.86,19,0.9509012870915338,0.01168247883896618,0.8633661420767086,0.08753514501482516,0.011743044685481558,0.021837352438044504,1,1,Grupo 1
68418,Santander,Los Santos,780.95,12,0.3533516870478263,0.0,0.19335424803124399,0.6222549458992253,0.0,0.15109802164030986,4,3,Grupo 4
68425,Santander,Macaravita,197.3,12,0.2093258996452103,0.20527116066903192,0.15357323872275722,0.23314749113025848,0.022807906741003546,0.07095793208312215,3,2,Grupo 3
68432,Santander,Málaga,725.0699999999999,23,0.18628546209331515,0.11033417463141491,0.1506337319155392,0.031169404333374714,0.023446012109175667,0.259285310383825,3,2,Grupo 3
68444,Santander,Matanza,2323.33,23,0.8973456202950076,0.008823542071079013,0.4109790688365407,0.4842144680264965,0.006025833609517374,0.06413208627272063,4,3,Grupo 4
68464,Santander,Mogotes,4146.860000000001,16,0.9428483237919775,0.016639095604867295,0.09573508630626545,0.847113237485712,0.00964585252456075,0.014227632473727107,4,3,Grupo 4
68468,Santander,Molagavita,911.81,21,0.40777135587457913,0.09870477402090348,0.14805716103135522,0.2575207554205372,0.03948190960836139,0.24785865476360208,3,2,Grupo 3
68498,Santander,Ocamonte,5274.83,13,0.9620840861222067,0.02218080961850903,0.015355945120506254,0.9467281410017006,0.006635284928613813,0.0018957956938896608,4,3,Grupo 4
68500,Santander,Oiba,2460.8,12,0.9343709362808843,0.035354356306892064,0.019099479843953184,0.9152714564369311,0.021131339401820545,0.001219115734720416,4,3,Grupo 4
68502,Santander,Onzaga,1143.13,18,0.871405701888674,0.0437395571807231,0.149589285558073,0.721816416330601,0.0691085003455425,0.01312186715421693,4,3,Grupo 4
68522,Santander,Palmar,131.0,11,0.7099236641221374,0.22137404580152673,0.5801526717557252,0.1297709923664122,0.022900763358778626,0.04580152671755725,1,1,Grupo 1
68524,Santander,Palmas del Socorro,2331.26,12,0.9159252936180434,0.0197318188447449,0.3354409203606633,0.5804843732573801,0.03388725410293146,0.021447629179070542,4,3,Grupo 4
68533,Santander,Páramo,5568.35,19,0.9084109296290642,0.010775184749521851,0.2266021352824445,0.6818087943466197,0.011134357574505913,0.02765630752377275,4,3,Grupo 4
68547,Santander,Piedecuesta,3613.0299999999997,26,0.7434286457626977,0.029338256255829597,0.4099052595743739,0.37434784654431325,0.032936344287204926,0.06753334458889076,1,3,Grupo 1
68549,Santander,Pinchote,2936.45,9,0.8688893051133171,0.06470397929472663,0.20994738544841562,0.6589419196649016,0.05448756151134874,0.0,4,3,Grupo 4
68572,Santander,Puente Nacional,2096.78,15,0.9036618052442316,0.025753774835700453,0.3682026726695218,0.5354591325747098,0.05198447142761758,0.004769217562166751,4,3,Grupo 4
68573,Santander,Puerto Parra,10206.0,12,0.9786400156770527,0.004703115814226925,0.019008426415833824,0.004311189496374682,0.006858710562414266,0.009798157946306094,4,4,Grupo 4
68575,Santander,Puerto Wilches,50350.0,8,0.9595431976166832,0.01692154915590864,0.03721946375372393,0.002522343594836147,0.009731876861966237,0.0005958291956305859,4,4,Grupo 4
68615,Santander,Rionegro,29597.690000000002,20,0.8865114135596392,0.05574759381559844,0.34335078176709055,0.24418459683846946,0.040543704593162505,0.014021364505135366,4,3,Grupo 4
68655,Santander,Sabana de Torres,35677.29,10,0.9049815723111256,0.07399665165151277,0.011892439139856194,0.006586823158373296,0.02102177603736158,0.0,4,4,Grupo 4
68669,Santander,San Andrés,1807.52,22,0.7798087987961405,0.10566964680888731,0.04536602637868461,0.7344427724174559,0.03762060724086041,0.024895990085863504,4,3,Grupo 4
68673,Santander,San Benito,4999.9,14,0.9873997479949599,0.003200064001280026,0.40140802816056326,0.5859917198343968,0.008000160003200064,0.00040000800016000323,4,3,Grupo 4
68679,Santander,San Gil,5493.469999999999,18,0.7759157690858419,0.07153948233084008,0.19659705068017122,0.5820492329984509,0.01419867588245681,0.006735269328857717,4,3,Grupo 4
68682,Santander,San Joaquín,333.05,14,0.7177600960816694,0.0780663564029425,0.07287194114997747,0.6448881549316919,0.06905869989491067,0.05104338687884702,4,3,Grupo 4
68684,Santander,San José de Miranda,753.08,15,0.16210761140914642,0.3253306421628512,0.10421203590587985,0.06719073670791947,0.017262442237212513,0.231051149944229,3,2,Grupo 3
68686,Santander,San Miguel,1170.79,16,0.2919310892645137,0.36727337951297845,0.15374234491240957,0.14843823401293146,0.005978868968815928,0.07687117245620478,2,4,Grupo 2
68689,Santander,San Vicente de Chucurí,27617.02,13,0.9979776963626052,0.0006517719869848376,0.06293220629886932,0.6788266800690298,0.0011949153094722024,0.0001303543973969675,4,3,Grupo 4
68705,Santander,Santa Bárbara,514.79,17,0.6950212708094564,0.01359777773461023,0.1165523805823734,0.5784688902270829,0.05439111093844092,0.16317333281532276,4,3,Grupo 4
68720,Santander,Santa Helena del Opón,1511.39,12,0.7373278902202608,0.19319963741985852,0.07278068532939876,0.664547204890862,0.06285604642084439,0.003969855563421751,4,3,Grupo 4
68745,Santander,Simacota,6205.48,13,0.9234547528958276,0.029006619955265347,0.06341169417998285,0.48287642535307507,0.04286533837833657,0.004673288770570529,4,3,Grupo 4
68755,Santander,Socorro,8151.98,17,0.9501961486657229,0.008954879673404498,0.32636242974099544,0.6235883797555931,0.030422056972661857,0.006256148812926431,4,3,Grupo 4
68770,Santander,Suaita,6968.11,15,0.9170506780174251,0.026549523471931416,0.22936492104745765,0.6876857569699675,0.04161817192897357,0.005453415632072398,4,3,Grupo 4
68773,Santander,Sucre,1654.53,18,0.9794503575033393,0.003022006249508924,0.08721510036082755,0.8922352571425118,0.012994626872888373,0.002417604999607139,4,3,Grupo 4
68780,Santander,Suratá,618.98,13,0.6090342175837669,0.046851271446573396,0.28756987301689874,0.32146434456686807,0.048466832530937996,0.24718084590778377,1,3,Grupo 1
68820,Santander,Tona,4545.1,15,0.17625574794833995,0.010560823744252051,0.07282568040307143,0.10343006754526853,0.19669534223669444,0.600866867615674,3,2,Grupo 3
68855,Santander,Valle de San José,5334.77,10,0.9906275247105311,0.005998384185260095,0.1769523334651728,0.8136751912453583,0.002249394069472536,0.0,4,3,Grupo 4
68861,Santander,Vélez,3262.08,10,0.8844295664116146,0.061617127722189524,0.3706224249558564,0.5138071414557582,0.04904845987835982,0.004904845987835982,4,3,Grupo 4
68867,Santander,Vetas,7.5,9,0.23999999999999996,0.1,0.23999999999999996,0.0,0.5333333333333333,0.0,3,2,Grupo 3
68872,Santander,Villanueva,1836.91,13,0.3968675656401239,0.15460746579854212,0.31634647315328457,0.12298370633291777,0.018509344497008563,0.0064782705739529975,1,4,Grupo 1
68895,Santander,Zapatoca,1465.95,28,0.9062041679457007,0.007844742317268664,0.09959411985401957,0.8066100480916811,0.02319315119888127,0.05047921143285924,4,3,Grupo 4
70001,Sucre,Sincelejo,2561.0,12,0.016009371339320577,0.4099960952752831,0.016009371339320577,0.0,0.511518937914877,0.03279968762202265,2,2,Grupo 2
70110,Sucre,Buenavista,361.5,9,0.06639004149377593,0.09820193637621023,0.06639004149377593,0.0,0.5006915629322268,0.11618257261410789,3,2,Grupo 3
70124,Sucre,Caimito,2676.0,5,0.03923766816143498,0.9017189835575485,0.03923766816143498,0.0,0.04708520179372197,0.01195814648729447,2,4,Grupo 2
70204,Sucre,Colosó,1339.0,10,0.18745332337565349,0.48020911127707244,0.14563106796116504,0.08215085884988797,0.27632561613144135,0.0,2,4,Grupo 2
70215,Sucre,Corozal,3213.0,20,0.013227513227513227,0.28166822284469345,0.013227513227513227,0.0,0.6660441954559602,0.026143790849673203,3,2,Grupo 3
70221,Sucre,Coveñas,507.5,13,0.14482758620689656,0.3960591133004926,0.14482758620689656,0.0,0.44729064039408867,0.0,3,2,Grupo 3
70230,Sucre,Chalán,1864.5,11,0.10431751139715742,0.6838294448913917,0.062215071064628584,0.07964601769911504,0.16090104585679807,0.0,2,4,Grupo 2
70233,Sucre,El Roble,1236.0,8,0.020226537216828478,0.5186084142394822,0.020226537216828478,0.0,0.4449838187702265,0.0,2,2,Grupo 2
70235,Sucre,Galeras,1123.0,9,0.0854853072128228,0.6384683882457702,0.05609973285841496,0.029385574354407838,0.2493321460373998,0.0,2,2,Grupo 2
70265,Sucre,Guaranda,12274.25,8,0.012322545165692405,0.9758641057498422,0.0086563333808583,0.003666211784834104,0.003258854919852537,0.00855449416461291,2,4,Grupo 2
70400,Sucre,La Unión,1904.25,15,0.07102533805960352,0.6564264145989235,0.06144151240645924,0.009583825653144282,0.22423526322699225,0.006301693580149665,2,4,Grupo 2
70418,Sucre,Los Palmitos,2097.0,10,0.01764425369575584,0.13996185026227945,0.01764425369575584,0.013590844062947067,0.7110157367668097,0.06843109203624224,3,2,Grupo 3
70429,Sucre,Majagual,16751.5,11,0.0239083067188013,0.8431483747724084,0.006029310807987344,0.0069546010805002535,0.0009551383458197773,0.13198818016297048,2,4,Grupo 2
70473,Sucre,Morroa,1020.0,14,0.11470588235294117,0.14411764705882352,0.10294117647058823,0.03137254901960784,0.6460784313725491,0.03823529411764706,3,2,Grupo 3
70508,Sucre,Ovejas,6229.5,14,0.12320410947909143,0.3708162773898387,0.11742515450678224,0.023436872943253872,0.4735532546753351,0.011557909944618349,2,2,Grupo 2
70523,Sucre,Palmito,4000.5,19,0.11548556430446194,0.4586926634170729,0.05374328208973878,0.011748531433570804,0.39120109986251717,0.01399825021872266,2,4,Grupo 2
70670,Sucre,Sampués,3933.25,13,0.0044492468060764,0.3108752304074239,0.0044492468060764,0.0,0.6488273056632555,0.006356066865823428,3,2,Grupo 3
70678,Sucre,San Benito Abad,5191.5,9,0.064817490128094,0.8629490513339112,0.064817490128094,0.0,0.03370894731773091,0.038524511220263895,2,4,Grupo 2
70702,Sucre,San Juan de Betulia,2002.0,5,0.0,0.4245754245754246,0.0,0.0004995004995004995,0.5749250749250749,0.0,2,2,Grupo 2
70708,Sucre,San Marcos,9838.0,12,0.04045537710916853,0.8639967473063631,0.015043708070746087,0.016568408213051434,0.06403740597682456,0.03151046960764383,2,4,Grupo 2
70713,Sucre,San Onofre,6024.0,14,0.2699203187250996,0.3701859229747676,0.1200199203187251,0.0063081009296148734,0.3154050464807437,0.024568393094289508,2,4,Grupo 2
70717,Sucre,San Pedro,2118.0,3,0.013220018885741265,0.37299338999055714,0.013220018885741265,0.0,0.6137865911237016,0.0,3,2,Grupo 3
70742,Sucre,San Luis de Sincé,1986.62,14,0.015101025863023629,0.3321470638572047,0.015101025863023629,0.0017869547271244627,0.5737131409127061,0.034465574694707596,3,2,Grupo 3
70771,Sucre,Sucre,2931.0,6,0.10883657454793585,0.8785397475264415,0.10883657454793585,0.0,0.006823609689525759,0.005800068236096895,2,4,Grupo 2
70820,Sucre,Santiago de Tolú,1596.0,8,0.12343358395989974,0.35964912280701755,0.12343358395989974,0.0,0.4223057644110276,0.07894736842105263,3,2,Grupo 3
70823,Sucre,San José de Toluviejo,2559.0,9,0.12973817897616258,0.28409534974599454,0.02813599062133646,0.0,0.5607659241891364,0.017584994138335287,3,2,Grupo 3
73001,Tolima,Ibagué,26338.73,24,0.5081008082014584,0.3997914857701947,0.10672496358024855,0.4013758446212099,0.03181626448959384,0.005581134701635197,2,4,Grupo 2
73024,Tolima,Alpujarra,2207.16,14,0.711167291904529,0.282716250747567,0.04731872632704471,0.6638485655774843,0.0,0.003851102774606282,4,3,Grupo 4
73026,Tolima,Alvarado,7215.57,20,0.5091170898487577,0.4483360288930743,0.2042804657151133,0.3270108944962075,0.008315351385961192,0.008315351385961192,2,4,Grupo 2
73030,Tolima,Ambalema,8386.5,8,0.012997078638287723,0.9557026173016157,0.012997078638287723,0.03052524891194181,0.00041733738746795447,0.0,2,4,Grupo 2
73043,Tolima,Anzoátegui,7659.59,19,0.7864768218664445,0.01736385367885226,0.13844083038387173,0.6480359914825728,0.0754609580930572,0.013904138472163654,4,3,Grupo 4
73055,Tolima,Armero,8747.48,13,0.10282732855633851,0.8368124305514274,0.048242465258565896,0.10831462318290526,0.0034295591416042106,0.00034295591416042107,2,4,Grupo 2
73067,Tolima,Ataco,12323.08,9,0.9639700464494266,0.0219101068888622,0.10898249463608124,0.8549875518133454,0.01119849907652957,0.0,4,3,Grupo 4
73124,Tolima,Cajamarca,10767.56,26,0.3271920472233264,0.005479421521681792,0.19844793063609587,0.12818688727994088,0.2981176793999755,0.026468392096259508,4,4,Grupo 4
73148,Tolima,Carmen de Apicalá,126.22,9,0.8732372048803676,0.0,0.39787672318174616,0.47536048169862144,0.07922674694977025,0.04753604816986214,1,3,Grupo 1
73152,Tolima,Casabianca,8024.87,16,0.8644214797249052,0.018567278971497358,0.5402666959090926,0.32415478381581264,0.07476756632817728,0.002741477432033167,1,1,Grupo 1
73168,Tolima,Chaparral,14231.880000000001,14,0.8606649297211613,0.09310084121001581,0.10912121237672043,0.7515437173444408,0.012928720590673895,0.004496946292408311,4,3,Grupo 4
73200,Tolima,Coello,2958.0,14,0.3177822853279243,0.5983772819472617,0.3069641649763354,0.010818120351588911,0.02535496957403651,0.004394861392832995,2,4,Grupo 2
73217,Tolima,Coyaima,5058.22,8,0.5779147605284072,0.42030595743166566,0.5689748567677958,0.00893990376061144,0.0,0.0,1,4,Grupo 1
73226,Tolima,Cunday,2580.0299999999997,25,0.9403107715801754,0.020929989186172254,0.296314383941272,0.6439963876389034,0.005426293492711325,0.01085258698542265,4,3,Grupo 4
73236,Tolima,Dolores,5151.51,16,0.8045233339350987,0.03494121141179964,0.12345894698835874,0.6810643869467399,0.05241181711769947,0.0013588248882366529,4,3,Grupo 4
73268,Tolima,Espinal,27026.37,15,0.1620195386949857,0.8162239324037968,0.15609939477628704,0.025234613453453056,0.0009620233867885328,0.0,2,4,Grupo 2
73270,Tolima,Falan,7438.88,16,0.9542941948250274,0.02675133891123395,0.5018228550534489,0.45247133977157855,0.00604929774374637,0.011292022454993224,1,1,Grupo 1
73275,Tolima,Flandes,3615.0,12,0.15629322268326418,0.5698478561549101,0.10567081604426003,0.13831258644536654,0.005532503457814661,0.0,2,4,Grupo 2
73283,Tolima,Fresno,18895.73,17,0.9030098334385599,0.03995611706983535,0.534199525501264,0.36881030793729586,0.0008467521498243255,0.001571783678111404,1,1,Grupo 1
73319,Tolima,Guamo,22259.0,7,0.2948919538164338,0.680398939754706,0.2948919538164338,0.024709106428860237,0.0,0.0,2,4,Grupo 2
73347,Tolima,Herveo,4353.7,16,0.8899786388589016,0.015389209178399981,0.5514413027999173,0.33853733605898434,0.08039139123044767,0.006201621609205963,1,1,Grupo 1
73349,Tolima,Honda,118.5,8,0.7383966244725738,0.0759493670886076,0.7383966244725738,0.0,0.08438818565400844,0.10126582278481013,1,1,Grupo 1
73352,Tolima,Icononzo,3909.95,25,0.7342677016330132,0.026343047865062214,0.3475364135091242,0.38673128812388907,0.004092123940203839,0.021739408432332897,4,3,Grupo 4
73408,Tolima,Lérida,5391.11,9,0.30774923902498746,0.6922507609750126,0.12446416415172386,0.1832850748732636,0.0,0.0,2,4,Grupo 2
73411,Tolima,Líbano,10942.1,9,0.9787060984637318,0.004569506767439523,0.25424735654033503,0.7244587419233968,0.00822511218139114,0.00210197311302218,4,3,Grupo 4
73443,Tolima,San Sebastián de Mariquita,6276.92,19,0.9497364949688701,0.015134811340593794,0.42887275925135254,0.5199078528960063,0.011151966250963848,0.02039216685890532,4,3,Grupo 4
73449,Tolima,Melgar,760.9300000000001,8,0.9395476587859592,0.018398538630360214,0.40345366853718473,0.5360939902487745,0.042053802583680494,0.0,1,3,Grupo 1
73461,Tolima,Murillo,264.14,10,0.7652759900053003,0.0,0.514727038691603,0.2505489513136973,0.11357613386840312,0.0,1,1,Grupo 1
73483,Tolima,Natagaima,1894.31,13,0.5188221568803416,0.4101757368118207,0.41888603238118366,0.13160992656956888,0.01689269443755246,0.005806863712908658,1,4,Grupo 1
73504,Tolima,Ortega,13379.4,12,0.6016263808541489,0.36929907170725146,0.13759959340478647,0.46402678744936243,0.017190606454699015,0.0,2,4,Grupo 2
73520,Tolima,Palocabildo,5132.43,9,0.9357029711072533,0.031174317038907495,0.3271354894270355,0.6085674816802177,0.015587158519453748,0.0,4,3,Grupo 4
73547,Tolima,Piedras,5956.0,6,0.01175285426460712,0.9855607790463399,0.01175285426460712,0.0,0.002686366689053056,0.0,2,4,Grupo 2
73555,Tolima,Planadas,16089.349999999999,23,0.9274675484093515,0.0037291748889793563,0.05762880414684248,0.8698387442625091,0.007334043948326067,0.0015538228704080651,4,3,Grupo 4
73563,Tolima,Prado,4777.08,5,0.3005852947825869,0.6994147052174131,0.08101183149539049,0.21957346328719637,0.0,0.0,2,4,Grupo 2
73585,Tolima,Purificación,19638.93,8,0.09872890223652714,0.9012710977634728,0.07108330239987616,0.02764559983665098,0.0,0.0,2,4,Grupo 2
73616,Tolima,Rioblanco,9663.52,7,0.9327367253340397,0.01552229415368313,0.02069639220491084,0.9120403331291289,0.003104458830736626,0.0,4,3,Grupo 4
73622,Tolima,Roncesvalles,1595.5,13,0.4973362582262614,0.023816985271074897,0.2660607959887183,0.23127546223754308,0.15481040426198683,0.007521153243497336,1,3,Grupo 1
73624,Tolima,Rovira,13764.710000000001,17,0.8759145670341039,0.04591451617941823,0.26265500689807486,0.613259560136029,0.01235042365585617,0.0007991450600848111,4,3,Grupo 4
73671,Tolima,Saldaña,9730.4,7,0.08653292773164516,0.9070952889912028,0.08653292773164516,0.0,0.0043163693167804,0.002055413960371619,2,4,Grupo 2
73675,Tolima,San Antonio,6306.57,21,0.7240972509620919,0.15301503035723063,0.09032485170227239,0.6337723992598195,0.010306711889347142,0.02188194216507547,4,3,Grupo 4
73678,Tolima,San Luis,4857.1900000000005,14,0.47500509553877857,0.4337899073332523,0.40671664069142854,0.06828845484735001,0.008235214187627002,0.06999932059482951,2,4,Grupo 2
73686,Tolima,Santa Isabel,3305.71,17,0.648638265304579,0.006655151238311891,0.3372860898263913,0.3113521754781877,0.2106960380674651,0.0024200549957497782,1,3,Grupo 1
73770,Tolima,Suárez,418.53,8,0.3763887893340979,0.6236112106659021,0.28313382553221994,0.093254963801878,0.0,0.0,2,4,Grupo 2
73854,Tolima,Valle de San Juan,4495.3,12,0.31461748937779455,0.6749271461304028,0.03870709407603497,0.2759103953017596,0.0066736369096612016,0.0013347273819322404,2,4,Grupo 2
73861,Tolima,Venadillo,5908.49,11,0.29542065739300566,0.6922242400342559,0.08377775032199429,0.21164290707101138,0.007616159120181299,0.004738943452557253,2,4,Grupo 2
73870,Tolima,Villahermosa,6447.49,17,0.9651802484377642,0.00775495580450687,0.3308574344434811,0.634322813994283,0.017836398350365802,0.0033346309959379544,4,3,Grupo 4
73873,Tolima,Villarrica,2331.81,12,0.951539790977824,0.0,0.3025546678331425,0.6489851231446816,0.0,0.012007839403725004,4,3,Grupo 4
76001,Valle del Cauca,Santiago de Cali,5666.66,29,0.9533940628165446,0.0035294159169599023,0.02159649599587764,0.931797566820667,0.002823532733567922,0.021794143287227397,4,3,Grupo 4
76020,Valle del Cauca,Alcalá,3677.0699999999997,20,0.9534955820802976,0.007342802829426691,0.6145518034739617,0.338943778606336,0.004895201886284461,0.012509960376060288,1,1,Grupo 1
76036,Valle del Cauca,Andalucía,5675.110000000001,14,0.9835421692266757,0.01575299862029106,0.17518250747562603,0.8083596617510497,0.0,0.000704832153033157,4,3,Grupo 4
76041,Valle del Cauca,Ansermanuevo,8098.08,23,0.9862313042103807,0.004630727283504238,0.2573202536897635,0.7289110505206173,0.0,0.004692470313950961,4,3,Grupo 4
76054,Valle del Cauca,Argelia,3757.8100000000004,16,0.9879717175695417,0.002661124431517293,0.5522205752818796,0.4357511422876622,0.0025280682099414285,0.0036457404711786913,1,1,Grupo 1
76100,Valle del Cauca,Bolívar,9000.62,36,0.8795638522679547,0.02688703667080712,0.6587501749879452,0.22036926345074004,0.027775864329346197,0.04355255526841484,1,1,Grupo 1
76109,Valle del Cauca,Buenaventura,2615.0,14,0.9908221797323136,0.005353728489483747,0.8321223709369024,0.1586998087954111,0.0030592734225621415,0.0,1,1,Grupo 1
76111,Valle del Cauca,Guadalajara de Buga,10412.81,36,0.8570030568117539,0.11629905856344254,0.03208259826118022,0.8249204585505738,0.006050240040872733,0.009891662289045897,4,3,Grupo 4
76113,Valle del Cauca,Bugalagrande,15540.029999999999,20,0.8034109329261269,0.17406658803103986,0.08779391030776647,0.7156170226183605,0.0,0.004247096048077128,4,3,Grupo 4
76122,Valle del Cauca,Caicedonia,11761.57,18,0.8498499775115057,0.1098492803256708,0.5597603041090603,0.2900896734024454,0.009352492906984356,0.00272072520930454,1,1,Grupo 1
76126,Valle del Cauca,Calima,1353.82,24,0.8555938012438876,0.018466265825589814,0.5193083275472368,0.33628547369665096,0.006278530380700536,0.099717835458185,1,1,Grupo 1
76130,Valle del Cauca,Candelaria,26862.62,16,0.9955514391373589,0.002382492846937492,0.002267835378678625,0.9932836037586803,0.0,0.0016379638322695255,4,3,Grupo 4
76147,Valle del Cauca,Cartago,7842.25,15,0.7516018999649335,0.2041505945360069,0.10652810099142467,0.6450737989735089,0.0,0.0,4,3,Grupo 4
76233,Valle del Cauca,Dagua,5606.92,32,0.8025654013255049,0.021758826592853116,0.6003188916553116,0.19653927646551048,0.011592817447011907,0.1243106732394969,1,1,Grupo 1
76243,Valle del Cauca,El Águila,7991.72,25,0.9977664382636029,0.0002502590180837166,0.3883832266395719,0.6091329526059472,0.00037538852712557495,0.0012325256640623044,4,3,Grupo 4
76246,Valle del Cauca,El Cairo,6023.08,15,0.9961813557183368,0.0016602801224622618,0.5259767427960446,0.47020461292229226,0.0009961680734773572,0.0008301400612311309,1,1,Grupo 1
76248,Valle del Cauca,El Cerrito,18300.510000000002,19,0.9531991184945119,0.011147230323089355,0.021840921373229485,0.9313581971212824,0.0,0.034686465022013044,4,3,Grupo 4
76250,Valle del Cauca,El Dovio,2346.43,20,0.6822832984576569,0.01278538034375626,0.3453160759110649,0.33696722254659206,0.03835614103126878,0.218843093550628,1,3,Grupo 1
76275,Valle del Cauca,Florida,15875.760000000002,31,0.9688518848861409,0.012219887425861815,0.07059315585521574,0.8982587290309251,0.002047146089384067,0.006960296703905828,4,3,Grupo 4
76306,Valle del Cauca,Ginebra,4704.43,18,0.945158074410715,0.04038746458125639,0.09161577491853423,0.8535422994921806,0.0,0.0017005248244739532,4,3,Grupo 4
76318,Valle del Cauca,Guacarí,15954.349999999999,28,0.9614525192188964,0.023065809638123776,0.08691234678943362,0.8745401724294628,0.0003760729832302789,0.010216649377755911,4,3,Grupo 4
76364,Valle del Cauca,Jamundí,14637.08,29,0.7860912149144501,0.2109710406720466,0.042460654720750314,0.7436305601936999,0.0005123972814249836,0.0011955936566582952,4,3,Grupo 4
76377,Valle del Cauca,La Cumbre,2277.9,22,0.6727248781772686,0.021511040870977653,0.36336099038588177,0.25905439220334514,0.004829009175117432,0.21774441371438605,1,3,Grupo 1
76400,Valle del Cauca,La Unión,4757.47,28,0.7598933887129083,0.18160913258517655,0.2612880375493697,0.49860535116353855,0.007987438701662858,0.050510040000252235,4,3,Grupo 4
76403,Valle del Cauca,La Victoria,3368.23,23,0.8907438031250835,0.10599038664224236,0.1470624036957096,0.7436724926741939,0.0020782428753380855,0.0005937836786680244,4,3,Grupo 4
76497,Valle del Cauca,Obando,13251.310000000001,17,0.8282433963132702,0.16764380276365126,0.07552913636463111,0.752714259948639,0.00033958906704318286,0.0006037138969656584,4,3,Grupo 4
76520,Valle del Cauca,Palmira,36320.93,31,0.9667511266919653,0.013656037992419247,0.020289678705914194,0.946461447986051,0.0008259700398640673,0.011288257211475587,4,3,Grupo 4
76563,Valle del Cauca,Pradera,11348.84,23,0.9872233637975335,0.0,0.0342475530538804,0.9529758107436531,0.0,0.004934425016124996,4,3,Grupo 4
76606,Valle del Cauca,Restrepo,3154.76,27,0.7659092926244786,0.060226451457480124,0.5211172957689333,0.24479199685554526,0.006973589116129277,0.108249121961734,1,1,Grupo 1
76616,Valle del Cauca,Riofrío,10233.14,21,0.9939168231842817,0.004348616358224358,0.47414478840316854,0.5197720347811131,0.0,0.000977217159151541,4,3,Grupo 4
76622,Valle del Cauca,Roldanillo,7596.38,41,0.6818379280657365,0.2709395791153154,0.1726019498761252,0.5215984455753925,0.0062055873982080935,0.02529362670113923,4,3,Grupo 4
76670,Valle del Cauca,San Pedro,6873.29,26,0.9688649831448986,0.009747879108840162,0.06209835464530087,0.9067666284995978,0.00683806444948489,0.008001990313226999,4,3,Grupo 4
76736,Valle del Cauca,Sevilla,14276.56,39,0.9658846388765921,0.0074948026695506485,0.6050021854004046,0.3608824534761875,0.00444785018239688,0.016320458149582252,1,1,Grupo 1
76823,Valle del Cauca,Toro,4396.17,26,0.944383406465173,0.033665668070161074,0.1700343708273338,0.7743490356378393,0.0022747073020379103,0.006027974350400462,4,3,Grupo 4
76828,Valle del Cauca,Trujillo,9513.24,24,0.9896460091409446,0.0021023331693513464,0.525983786806598,0.4636622223343467,0.0008409332677405385,0.004257224667936476,1,1,Grupo 1
76834,Valle del Cauca,Tuluá,13752.42,33,0.9388471265420922,0.005744443523394428,0.10190933668401635,0.8369377898580759,0.036429951964817825,0.012943176546382383,4,3,Grupo 4
76845,Valle del Cauca,Ulloa,994.38,14,0.9808926165047568,0.0010056517629075403,0.33852249642993626,0.6423701200748205,0.017096079969428187,0.0,4,3,Grupo 4
76863,Valle del Cauca,Versalles,3433.6099999999997,23,0.961556495932852,0.0029123866717536357,0.5597898421777663,0.4017666537550858,0.004368580007630453,0.020095468035100088,1,1,Grupo 1
76869,Valle del Cauca,Vijes,2174.62,25,0.6997176518196282,0.012415962329050593,0.34474988733663814,0.35496776448299017,0.024831924658101186,0.22992522831575174,1,3,Grupo 1
76890,Valle del Cauca,Yotoco,5431.61,26,0.9332610404649818,0.04013542945830058,0.1826788005766246,0.7505822398883573,0.0031298270678491277,0.01574118907653532,4,3,Grupo 4
76892,Valle del Cauca,Yumbo,2689.96,35,0.8703252092967925,0.013215809900518965,0.10916519204746537,0.7604536870436734,0.025056134663712475,0.06878169192106946,4,3,Grupo 4
76895,Valle del Cauca,Zarzal,18013.37,15,0.9985011133397027,0.0005551432075175273,0.015914290329904955,0.9825868230097978,0.00022205728300701092,0.0,4,3,Grupo 4
81001,Arauca,Arauca,24296.8,8,0.13276645484178987,0.8507704718316815,0.05563695630700339,0.07712949853478647,0.016463073326528598,0.0,2,4,Grupo 2
81065,Arauca,Arauquita,18470.0,12,0.8201949106659447,0.17980508933405523,0.3755820249052518,0.4439090416892258,0.0,0.0,4,3,Grupo 4
81220,Arauca,Cravo Norte,788.0,11,0.33121827411167515,0.26649746192893403,0.20812182741116753,0.12309644670050761,0.3870558375634518,0.015228426395939087,3,2,Grupo 3
81300,Arauca,Fortul,10337.5,12,0.8092382103990327,0.11288996372430471,0.40019347037484887,0.4317775090689238,0.05513905683192261,0.0,1,3,Grupo 1
81591,Arauca,Puerto Rondón,1498.0,12,0.8511348464619493,0.11548731642189586,0.5193591455273698,0.3317757009345794,0.020026702269692925,0.01335113484646195,1,1,Grupo 1
81736,Arauca,Saravena,15482.0,14,0.8559617620462473,0.04585970804805581,0.369719674460664,0.48320630409507814,0.09817852990569693,0.0,4,3,Grupo 4
81794,Arauca,Tame,38944.869999999995,17,0.7436889633987738,0.16903381626386224,0.585663785756635,0.15579125055495113,0.08727722033736408,0.0,1,1,Grupo 1
85001,Casanare,Yopal,24588.38,20,0.12352908162310815,0.8569495021632169,0.03965246998785605,0.010101926194405648,0.013420973646901504,0.0061004425667734105,2,4,Grupo 2
85010,Casanare,Aguazul,10227.15,13,0.32268520555580005,0.6738925311548183,0.04861080555188885,0.022978053514419953,0.003422263289381695,0.0,2,4,Grupo 2
85015,Casanare,Chámeza,304.49,11,0.5664882262143256,0.21347170678840027,0.22332424710171106,0.3431639791126145,0.18719826595290484,0.0,1,4,Grupo 1
85125,Casanare,Hato Corozal,11371.0,8,0.06674874681206579,0.9322838800457304,0.05443672500219857,0.012312021809867206,0.0009673731422038519,0.0,2,4,Grupo 2
85136,Casanare,La Salina,368.18,14,0.6156771144548862,0.11135857461024498,0.290971807268184,0.32470530718670215,0.16703786191536749,0.0,1,3,Grupo 1
85139,Casanare,Maní,56622.0,6,0.5028080957931546,0.4959556356186641,0.0042386351594786474,0.001995690720921197,0.0012362685881812724,0.0,2,4,Grupo 2
85162,Casanare,Monterrey,1570.84,16,0.9032364849379949,0.03692292022102824,0.19912912836444197,0.07533548929235315,0.05538438033154236,0.0044562145094344426,1,3,Grupo 1
85225,Casanare,Nunchía,26762.6,16,0.07174564504196154,0.9254706194465411,0.02204531697219254,0.011026955527489857,0.002783735511497388,0.0,2,4,Grupo 2
85230,Casanare,Orocué,43280.0,8,0.5193391866913124,0.47234288354898335,0.0027264325323475046,0.002102587800369686,0.008086876155268022,0.0002310536044362292,2,4,Grupo 2
85250,Casanare,Paz de Ariporo,43877.0,11,0.009230348474143628,0.9836588645531827,0.007156368940447159,0.0019828155981493722,0.002734918066412927,0.0043758689062606835,2,4,Grupo 2
85263,Casanare,Pore,12175.0,14,0.04525667351129364,0.9483367556468173,0.03030800821355236,0.014948665297741272,0.005092402464065709,0.0013141683778234085,2,4,Grupo 2
85279,Casanare,Recetor,278.0,10,0.658273381294964,0.12949640287769784,0.14388489208633093,0.5143884892086331,0.18345323741007194,0.0,4,3,Grupo 4
85300,Casanare,Sabanalarga,355.91,17,0.8725520496754797,0.06181337978702481,0.44351099997190296,0.2183136186114467,0.049169733921497004,0.016464836615998426,1,1,Grupo 1
85315,Casanare,Sácama,289.12,17,0.8616491422246818,0.11068068622025456,0.11413945766463753,0.7475096845600443,0.02767017155506364,0.0,4,3,Grupo 4
85325,Casanare,San Luis de Palenque,35055.8,8,0.020575767775945775,0.9782974571968118,0.007753353225429173,0.002324864929626481,0.0011267750272422822,0.0,2,4,Grupo 2
85400,Casanare,Támara,2450.27,10,0.9738804295036874,0.01795720471621495,0.19076673182955348,0.7831136976741339,0.008162365780097703,0.0,4,3,Grupo 4
85410,Casanare,Tauramena,27275.1,13,0.41903054434264225,0.5751399628232344,0.026511360178331153,0.009459177051596511,0.005169550249128326,0.0006599425849951055,2,4,Grupo 2
85430,Casanare,Trinidad,20636.0,6,0.022097305679395232,0.9730567939523164,0.015070750145377012,0.007026555534018221,0.004845900368288428,0.0,2,4,Grupo 2
85440,Casanare,Villanueva,25192.0,10,0.5623610670053986,0.3967529374404573,0.016433788504287075,0.0619244204509368,0.013099396633852017,0.0,2,4,Grupo 2
86001,Putumayo,Mocoa,2437.5699999999997,11,0.7948776855639018,0.09025381835188324,0.571881012647842,0.21068933404989396,0.11486849608421502,0.0,1,1,Grupo 1
86219,Putumayo,Colón,1030.0,7,0.3271844660194175,0.4009708737864078,0.3271844660194175,0.0,0.0,0.0,2,4,Grupo 2
86320,Putumayo,Orito,5934.5,25,0.6950037913893335,0.17693150223270704,0.4287640070772601,0.1920970595669391,0.1280647063779594,0.00994186536355211,1,1,Grupo 1
86568,Putumayo,Puerto Asís,3735.0,15,0.6385542168674698,0.19009370816599733,0.4821954484605087,0.14323962516733602,0.1713520749665328,0.0,1,1,Grupo 1
86569,Putumayo,Puerto Caicedo,2108.7,14,0.8283302508654622,0.10195855266277802,0.7198748043818467,0.08536064874093044,0.07469056764831414,0.0,1,1,Grupo 1
86571,Putumayo,Puerto Guzmán,10398.0,11,0.2795729948066936,0.4524908636276207,0.23331409886516638,0.044623966147336026,0.2679361415656857,0.0,2,4,Grupo 2
86573,Putumayo,Puerto Leguízamo,5033.9,14,0.7780051252507997,0.11978783845527326,0.5992173066608396,0.16925246826516221,0.09932656588331115,0.0028804704106160234,1,1,Grupo 1
86749,Putumayo,Sibundoy,1277.0,10,0.15974941268598278,0.4009397024275646,0.15974941268598278,0.0,0.0007830853563038371,0.003915426781519186,2,4,Grupo 2
86755,Putumayo,San Francisco,320.4,9,0.35861423220973787,0.2652933832709114,0.35861423220973787,0.0,0.010923845193508116,0.0,1,4,Grupo 1
86757,Putumayo,San Miguel,4140.75,18,0.9244098291372336,0.03381030006641309,0.35041960997403854,0.5648735132524301,0.04105536436635875,0.0007245064299945662,4,3,Grupo 4
86760,Putumayo,Santiago,1009.01,16,0.6835016501323079,0.19375427399133804,0.6835016501323079,0.0,0.00644195795879129,0.008027670687109146,1,1,Grupo 1
86865,Putumayo,Valle del Guamuez,2925.0,22,0.9678632478632478,0.017777777777777778,0.18837606837606838,0.5357264957264958,0.013675213675213675,0.029401709401709403,4,3,Grupo 4
86885,Putumayo,Villagarzón,3133.93,22,0.8787464940186922,0.02871793562715185,0.7436349886564154,0.10144770304378209,0.09253557035415597,0.0,1,1,Grupo 1
88001,"Archipiélago de San Andrés, Providencia y Santa Catalina",San Andrés,55.5,11,0.5225225225225225,0.036036036036036036,0.4864864864864865,0.036036036036036036,0.25225225225225223,0.1891891891891892,3,2,Grupo 3
88564,"Archipiélago de San Andrés, Providencia y Santa Catalina",Providencia,43.480000000000004,17,0.6251149954001839,0.11499540018399262,0.5906163753449861,0.03449862005519779,0.11499540018399262,0.14489420423183072,1,1,Grupo 1
91001,Amazonas,Leticia,2289.0,26,0.3333333333333333,0.08038444735692442,0.3193534294451726,0.013979903888160769,0.4613368283093054,0.09523809523809523,3,2,Grupo 3
91540,Amazonas,Puerto Nariño,1702.5,15,0.9071953010279001,0.01997063142437592,0.8405286343612335,0.05491923641703377,0.05873715124816446,0.014096916299559472,1,1,Grupo 1
94001,Guainía,Inírida,684.0,12,0.5745614035087719,0.09502923976608187,0.4590643274853801,0.1154970760233918,0.26608187134502925,0.06432748538011696,1,1,Grupo 1
94343,Guainía,Barrancominas,909.5,13,0.8708081363386476,0.04068169323804288,0.09565695437053326,0.7751511819681144,0.08576140736668499,0.002748763056624519,4,3,Grupo 4
95001,Guaviare,San José del Guaviare,8295.0,8,0.6114526823387583,0.35804701627486435,0.48583484026522,0.12561784207353827,0.030500301386377337,0.0,1,4,Grupo 1
95015,Guaviare,Calamar,3871.0,7,0.5220873159390338,0.4151382071816068,0.3081890984241798,0.21389821751485405,0.06277447687935934,0.0,2,4,Grupo 2
95025,Guaviare,El Retorno,6035.0,9,0.855675227837614,0.07970173985086992,0.6966031483015741,0.15907207953603977,0.029991714995857496,0.03463131731565866,1,1,Grupo 1
95200,Guaviare,Miraflores,1197.0,10,0.4477861319966583,0.14202172096908938,0.26649958228905596,0.18128654970760233,0.4101921470342523,0.0,3,2,Grupo 3
97001,Vaupés,Mitú,2131.0,9,0.0685124354763022,0.04317221961520413,0.04950727358047865,0.019005161895823557,0.8695448146410136,0.018770530267480056,3,2,Grupo 3
97161,Vaupés,Carurú,671.65,11,0.6828705426933671,0.038710637981091346,0.5004838829747636,0.18238665971860343,0.2709744658676394,0.007444353457902181,1,1,Grupo 1
97666,Vaupés,Taraira,324.65,13,0.4526413060218697,0.0,0.4177421838903435,0.03489912213152626,0.5131680271061143,0.034190666872016016,3,2,Grupo 3
99001,Vichada,Puerto Carreño,9179.63,10,0.9117611494145189,0.015251159360453527,0.9060768244471726,0.0492590659972134,0.014161790834706848,0.015251159360453527,1,1,Grupo 1
99524,Vichada,La Primavera,8976.1,10,0.9477055736901328,0.03375630841902385,0.27179955660030525,0.00746426621806798,0.016711043771793985,0.0018270741190494755,1,3,Grupo 1
99624,Vichada,Santa Rosalía,11305.0,11,0.9429898275099513,0.050110570544007076,0.010880141530296329,0.003140203449800973,0.006368863334807608,0.0007076514816452897,4,4,Grupo 4
99773,Vichada,Cumaribo,3948.0,12,0.7750759878419453,0.11018237082066869,0.5871327254305978,0.1879432624113475,0.10638297872340426,0.008358662613981762,1,1,Grupo 1
